"","Burn.Unit","Depth","Fire","Firelevel","Veg","Point","Deepest","Number","P","P.Err","K","K.Err","Ca","Ca.Err","C13","PctC","N15","PctN","Sample.ID.EAMS","Thickness","Realfire","Plot","Unique.ID"
"1","103","0 to 5",0.8,4,"grass","A",5,1,0.053,0.0021,1.028,0.0051,1.5903,0.0047,-25.86,1.53,-10.28,0.09,"001_KKM_CCESR","5",0.77,"3","103_A"
"2","103","0 to 5",0.8,4,"grass","J",5,15,0.0366,0.0021,1.0917,0.0052,0.8944,0.0036,-23.73,0.8,-6.42,0.08,"015_KKM_CCESR","5",0.77,"3","103_J"
"3","103","60 to 100",0.8,4,"tree","A",100,25,0.0155,0.002,1.0593,0.0051,0.609,0.003,-20.22,0.1,NA,NA,"025_KKM_CCESR","40",0.77,"3","103_A"
"4","103","10 to 20",0.8,4,"tree","J",20,37,0.0311,0.002,0.9505,0.0048,0.4574,0.0027,-22.34,0.39,NA,0.03,"037_KKM_CCESR","10",0.77,"3","103_J"
"5","103","60 to 100",0.8,4,"grass","A",100,5,0.0049,0.0018,0.9832,0.0049,0.5085,0.0028,-20.68,0.07,NA,NA,"005_KKM_CCESR","40",0.77,"3","103_A"
"6","103","0 to 5",0.8,4,"grass","G",5,6,0.0239,0.002,1.0023,0.005,0.5758,0.003,-23.79,0.48,-14.85,0.05,"006_KKM_CCESR","5",0.77,"3","103_G"
"7","103","10 to 20",0.8,4,"grass","I",20,14,0.0391,0.0021,1.1109,0.0053,0.6939,0.0032,-21.33,0.43,NA,0.04,"014_KKM_CCESR","10",0.77,"3","103_I"
"8","103","10 to 20",0.8,4,"tree","G",20,28,0.0265,0.002,1.0092,0.005,0.5754,0.0029,-23.12,0.16,-8.49,0.04,"028_KKM_CCESR","10",0.77,"3","103_G"
"9","103","0 to 5",0.8,4,"grass","H",5,9,0.0322,0.00195,1.0886,0.0052,1.00285,0.00385,-23.76,0.64,-11.09,0.06,"009_KKM_CCESR","5",0.77,"3","103_H"
"10","103","5 to 10",0.8,4,"grass","H",10,10,0.0537,0.0023,1.1165,0.0053,0.9376,0.0036,-22.55,0.45,-11.1,0.06,"010_KKM_CCESR","5",0.77,"3","103_H"
"11","103","10 to 20",0.8,4,"tree","H",20,31,0.0301,0.002,1.0183,0.005,0.6165,0.003,-24.38,0.52,4.76,0.04,"031_KKM_CCESR","10",0.77,"3","103_H"
"12","103","0 to 5",0.8,4,"grass","I",5,12,0.027,0.0019,1.0443,0.0051,0.6544,0.0031,-20.6,1.16,-4.76,0.09,"012_KKM_CCESR","5",0.77,"3","103_I"
"13","103","5 to 10",0.8,4,"grass","A",10,2,0.05755,0.00215,0.98305,0.00495,1.12575,0.004,-24.12,1,-12.41,0.08,"002_KKM_CCESR","5",0.77,"3","103_A"
"14","103","5 to 10",0.8,4,"tree","H",10,30,0.01365,0.00185,1.0242,0.00505,0.53295,0.00285,-24.78,0.51,-9.44,0.05,"030_KKM_CCESR","5",0.77,"3","103_H"
"15","103","10 to 20",0.8,4,"grass","G",20,8,0.0192,0.002,0.9965,0.005,0.5566,0.0029,-24.52,0.48,NA,0.04,"008_KKM_CCESR","10",0.77,"3","103_G"
"16","103","5 to 10",0.8,4,"grass","K",10,19,0.0213,0.0019,1.0016,0.005,0.5696,0.0029,-22.88,0.68,4.47,0.05,"019_KKM_CCESR","5",0.77,"3","103_K"
"17","103","20 to 60",0.8,4,"grass","A",60,4,0.0391,0.0021,1.1119,0.0052,0.6065,0.003,-23.54,0.26,NA,0.02,"004_KKM_CCESR","40",0.77,"3","103_A"
"18","103","0 to 5",0.8,4,"grass","K",5,18,0.04,0.0021,1.1445,0.0053,0.7429,0.0033,-21.96,0.84,-5.38,0.08,"018_KKM_CCESR","5",0.77,"3","103_K"
"19","103","5 to 10",0.8,4,"grass","G",10,7,0.0249,0.0019,0.9684,0.0049,0.6675,0.0031,-26.62,0.68,1.68,0.07,"007_KKM_CCESR","5",0.77,"3","103_G"
"20","103","10 to 20",0.8,4,"tree","K",20,40,0.0269,0.002,1.0413,0.005,0.4122,0.0026,-21.14,0.32,2.93,0.04,"040_KKM_CCESR","10",0.77,"3","103_K"
"21","103","0 to 5",0.8,4,"tree","A",5,21,0.0421,0.0021,0.9645,0.0049,1.0138,0.0038,-25.66,0.73,1.59,0.05,"021_KKM_CCESR","5",0.77,"3","103_A"
"22","103","5 to 10",0.8,4,"tree","J",10,36,0.0398,0.0021,0.9281,0.0048,0.4913,0.0028,-24.62,1.73,-1.69,0.09,"036_KKM_CCESR","5",0.77,"3","103_J"
"23","103","5 to 10",0.8,4,"tree","A",10,22,0.0292,0.002,0.9532,0.0049,0.6123,0.003,-23.69,0.42,NA,0.03,"022_KKM_CCESR","5",0.77,"3","103_A"
"24","103","10 to 20",0.8,4,"grass","J",20,17,0.0315,0.0021,1.0724,0.0051,0.6891,0.0032,-23.84,0.62,3.69,0.05,"017_KKM_CCESR","10",0.77,"3","103_J"
"25","103","5 to 10",0.8,4,"grass","I",10,13,0.0251,0.002,1.0133,0.005,0.4815,0.0027,-22.87,0.75,4.74,0.05,"013_KKM_CCESR","5",0.77,"3","103_I"
"26","103","0 to 5",0.8,4,"tree","G",5,26,0.0451,0.0022,1.1523,0.0053,0.6662,0.0031,-24.05,0.35,-10.96,0.05,"026_KKM_CCESR","5",0.77,"3","103_G"
"27","103","10 to 20",0.8,4,"tree","I",20,34,0.0232,0.0019,1.0099,0.005,0.4447,0.0026,-24.62,0.4,2,0.04,"034_KKM_CCESR","10",0.77,"3","103_I"
"28","103","20 to 60",0.8,4,"tree","A",60,24,0.034,0.0021,0.9669,0.0049,0.5479,0.0029,-22.26,0.22,NA,0.02,"024_KKM_CCESR","40",0.77,"3","103_A"
"29","103","0 to 5",0.8,4,"tree","H",5,29,0.0335,0.002,1.074,0.0052,1.069,0.0039,-26.37,1.98,-3.91,0.11,"029_KKM_CCESR","5",0.77,"3","103_H"
"30","103","10 to 20",0.8,4,"grass","A",20,3,0.051,0.0022,1.0196,0.005,0.7594,0.0033,-35.51,0.46,0.2,0.04,"003_KKM_CCESR","10",0.77,"3","103_A"
"31","103","0 to 5",0.8,4,"tree","J",5,35,0.0481,0.0021,1.19,0.0054,0.8024,0.0034,-24.42,0.95,-7.81,0.08,"035_KKM_CCESR","5",0.77,"3","103_J"
"32","103","0 to 5",0.8,4,"tree","I",5,32,0.0424,0.002,1.0156,0.005,0.9205,0.0037,-27.68,3.67,-4.37,0.16,"032_KKM_CCESR","5",0.77,"3","103_I"
"33","103","5 to 10",0.8,4,"tree","I",10,33,0.0348,0.002,0.9356,0.0048,0.5851,0.003,-24.66,0.54,2.34,0.04,"033_KKM_CCESR","5",0.77,"3","103_I"
"34","103","0 to 5",0.8,4,"tree","K",5,38,0.0251,0.0018,0.9564,0.0049,0.84935,0.00355,-25.9,1.79,-6.79,0.11,"038_KKM_CCESR","5",0.77,"3","103_K"
"35","103","5 to 10",0.8,4,"tree","K",10,39,0.0413,0.0021,0.8849,0.0047,0.3968,0.0025,-23.52,0.41,-13.22,0.05,"039_KKM_CCESR","5",0.77,"3","103_K"
"36","103","5 to 10",0.8,4,"grass","J",10,16,0.0171,0.0019,0.9347,0.0048,0.5677,0.0029,-22.77,0.69,-6.49,0.08,"016_KKM_CCESR","5",0.77,"3","103_J"
"37","103","10 to 20",0.8,4,"tree","A",20,23,0.0287,0.002,0.9405,0.0048,0.6155,0.003,-23.72,0.44,NA,0.03,"023_KKM_CCESR","10",0.77,"3","103_A"
"38","103","5 to 10",0.8,4,"tree","G",10,27,0.0372,0.0021,0.9074,0.0048,0.5831,0.0029,-23.26,0.32,-6.94,0.06,"027_KKM_CCESR","5",0.77,"3","103_G"
"39","103","10 to 20",0.8,4,"grass","H",20,11,0.0366,0.0021,1.0994,0.0052,0.7746,0.0033,-22.79,0.39,-6.74,0.05,"011_KKM_CCESR","10",0.77,"3","103_H"
"40","103","10 to 20",0.8,4,"grass","K",20,20,0.0164,0.0019,0.98,0.0049,0.4989,0.0028,-22.25,0.49,4.75,0.04,"020_KKM_CCESR","10",0.77,"3","103_K"
"41","104 N","10 to 20",0.8,4,"grass","H",20,377,0.0142,0.0018,1.0438,0.005,0.4119,0.0026,-18.44,0.51,3.42,0.06,"377_KKM_CCESR","10",0.74,"4","104 N_H"
"42","104 N","5 to 10",0.8,4,"grass","J",10,382,0.0423,0.0021,1.2411,0.0055,0.6657,0.0031,-21.32,0.21,1.46,0.06,"382_KKM_CCESR","5",0.74,"4","104 N_J"
"43","104 N","10 to 20",0.8,4,"tree","K",20,329,0.0219,0.0019,1.0741,0.0051,0.6012,0.003,-21.32,0.47,NA,0.04,"329_KKM_CCESR","10",0.74,"4","104 N_K"
"44","104 N","5 to 10",0.8,4,"tree","J",10,325,0.021,0.0018,0.8927,0.0047,0.389,0.0026,-20.04,0.47,NA,0.03,"325_KKM_CCESR","5",0.74,"4","104 N_J"
"45","104 N","5 to 10",0.8,4,"tree","H",10,319,0.0329,0.002,0.9317,0.0048,1.1103,0.0039,-26.28,2.5,1.16,0.1,"319_KKM_CCESR","5",0.74,"4","104 N_H"
"46","104 N","0 to 5",0.8,4,"tree","I",5,321,0.0269,0.002,0.995,0.005,0.7491,0.0033,-22.8,0.34,-0.75,0.12,"321_KKM_CCESR","5",0.74,"4","104 N_I"
"47","104 N","0 to 5",0.8,4,"grass","H",5,375,0.0303,0.0019,0.9761,0.0049,0.635,0.0031,-21.61,0.22,2.62,0.08,"375_KKM_CCESR","5",0.74,"4","104 N_H"
"48","104 N","5 to 10",0.8,4,"tree","K",10,328,0.0187,0.0019,0.9814,0.0049,0.6075,0.003,-21.52,0.52,3.83,0.04,"328_KKM_CCESR","5",0.74,"4","104 N_K"
"49","104 N","0 to 5",0.8,4,"tree","G",5,315,0.0378,0.002,1.0643,0.0051,0.7059,0.0033,-25.76,0.33,1.33,0.12,"315_KKM_CCESR","5",0.74,"4","104 N_G"
"50","104 N","0 to 5",0.8,4,"grass","I",5,378,0.0227,0.0019,0.9926,0.0049,0.57,0.0029,-21.88,0.24,2.52,0.08,"378_KKM_CCESR","5",0.74,"4","104 N_I"
"51","104 N","5 to 10",0.8,4,"tree","I",10,322,NA,0.0016,1.0215,0.005,0.4598,0.0028,-22.16,0.91,4.51,0.04,"322_KKM_CCESR","5",0.74,"4","104 N_I"
"52","104 N","5 to 10",0.8,4,"grass","H",10,376,0.023,0.0019,1.038,0.005,0.5116,0.0028,-19.55,0.54,0.51,0.06,"376_KKM_CCESR","5",0.74,"4","104 N_H"
"53","104 N","60 to 100",0.8,4,"grass","A",100,304,0.0055,0.0018,0.7473,0.0043,0.4973,0.0027,-11.99,0.15,NA,NA,"304_KKM_CCESR","40",0.74,"4","104 N_A"
"54","104 N","5 to 10",0.8,4,"grass","I",10,379,0.0242,0.002,0.8976,0.0047,0.4805,0.0027,-25.19,0.63,1.91,0.06,"379_KKM_CCESR","5",0.74,"4","104 N_I"
"55","104 N","0 to 5",0.8,4,"grass","G",5,372,0.0514,0.0022,1.0969,0.0052,0.5429,0.0028,-19.04,0.42,3.52,0.06,"372_KKM_CCESR","5",0.74,"4","104 N_G"
"56","104 N","0 to 5",0.8,4,"tree","H",5,318,0.052,0.0021,0.8587,0.0047,1.2038,0.0041,-24.91,0.36,1.31,0.11,"318_KKM_CCESR","5",0.74,"4","104 N_H"
"57","104 N","10 to 20",0.8,4,"grass","J",20,383,0.0216,0.0019,1.0166,0.005,0.3494,0.0024,-22.52,0.55,3.73,0.06,"383_KKM_CCESR","10",0.74,"4","104 N_J"
"58","104 N","0 to 5",0.8,4,"grass","J",5,381,0.0356,0.002,0.9939,0.005,0.8753,0.0036,-22.86,0.41,0.35,0.12,"381_KKM_CCESR","5",0.74,"4","104 N_J"
"59","104 N","10 to 20",0.8,4,"tree","J",20,326,0.012,0.0018,0.976,0.0049,0.3937,0.0026,-19.76,0.49,NA,0.04,"326_KKM_CCESR","10",0.74,"4","104 N_J"
"60","104 N","10 to 20",0.8,4,"tree","H",20,320,0.0195,0.002,0.9171,0.0048,0.7583,0.0033,-25.6,1.45,1.81,0.06,"320_KKM_CCESR","10",0.74,"4","104 N_H"
"61","104 N","10 to 20",0.8,4,"tree","A",20,312,0.027,0.002,0.9607,0.0049,0.3423,0.0024,-22.14,0.7,4.59,0.03,"312_KKM_CCESR","10",0.74,"4","104 N_A"
"62","104 N","0 to 5",0.8,4,"tree","K",5,327,0.0398,0.0021,0.8747,0.0047,0.9226,0.0036,-24.78,0.22,1.06,0.07,"327_KKM_CCESR","5",0.74,"4","104 N_K"
"63","104 N","10 to 20",0.8,4,"grass","I",20,380,NA,0.0016,0.932,0.0048,0.4339,0.0027,-21.74,0.56,2.22,0.06,"380_KKM_CCESR","10",0.74,"4","104 N_I"
"64","104 N","60 to 100",0.8,4,"tree","A",100,314,NA,0.0017,0.8834,0.0047,0.3316,0.0024,-12.22,0.16,NA,NA,"314_KKM_CCESR","40",0.74,"4","104 N_A"
"65","104 N","10 to 20",0.8,4,"tree","I",20,323,0.006,0.0017,0.9482,0.0048,0.4431,0.0027,-19.9,0.44,4.54,0.04,"323_KKM_CCESR","10",0.74,"4","104 N_I"
"66","104 N","5 to 10",0.8,4,"grass","A",10,301,0.0153,0.0018,0.9383,0.0048,0.5214,0.0029,-21.92,0.87,5.02,0.04,"301_KKM_CCESR","5",0.74,"4","104 N_A"
"67","104 N","5 to 10",0.8,4,"grass","G",10,373,0.0337,0.0021,1.0027,0.005,0.5771,0.0029,-20.74,0.15,3.31,0.05,"373_KKM_CCESR","5",0.74,"4","104 N_G"
"68","104 N","0 to 5",0.8,4,"grass","A",5,300,0.0312,0.002,1.0085,0.005,0.86,0.0035,-22.19,0.35,0.94,0.11,"300_KKM_CCESR","5",0.74,"4","104 N_A"
"69","104 N","10 to 20",0.8,4,"grass","G",20,374,0.0271,0.0019,1.0177,0.005,0.4518,0.0027,-18.75,0.55,3.1,0.08,"374_KKM_CCESR","10",0.74,"4","104 N_G"
"70","104 N","10 to 20",0.8,4,"tree","G",20,317,0.0261,0.002,0.952,0.0048,0.4009,0.0025,-24.47,0.8,4.25,0.04,"317_KKM_CCESR","10",0.74,"4","104 N_G"
"71","104 N","20 to 60",0.8,4,"grass","A",60,303,0.014,0.0019,0.9178,0.0048,0.4584,0.0027,-18.99,0.43,NA,0.02,"303_KKM_CCESR","40",0.74,"4","104 N_A"
"72","104 N","10 to 20",0.8,4,"grass","A",20,302,0.0084,0.0018,0.9899,0.0049,0.3351,0.0024,-20.15,0.63,NA,0.03,"302_KKM_CCESR","10",0.74,"4","104 N_A"
"73","104 N","5 to 10",0.8,4,"tree","G",10,316,0.0337,0.002,1.0335,0.005,0.5003,0.0028,-23.7,0.16,3.36,0.06,"316_KKM_CCESR","5",0.74,"4","104 N_G"
"74","104 N","20 to 60",0.8,4,"tree","A",60,313,0.0066,0.0017,1.0018,0.0049,0.3413,0.0024,-20.96,0.35,NA,0.02,"313_KKM_CCESR","40",0.74,"4","104 N_A"
"75","104 N","5 to 10",0.8,4,"tree","A",10,311,0.0163,0.0018,0.9491,0.0048,0.4093,0.0026,-22.33,1.06,5.86,0.04,"311_KKM_CCESR","5",0.74,"4","104 N_A"
"76","104 N","0 to 5",0.8,4,"tree","J",5,324,0.0287,0.0019,0.8777,0.0047,0.621,0.0031,-23,0.34,2.53,0.11,"324_KKM_CCESR","5",0.74,"4","104 N_J"
"77","104 N","10 to 20",0.8,4,"grass","K",20,386,0.0061,0.0017,0.9195,0.0048,0.407,0.0026,-20,0.32,5.32,0.05,"386_KKM_CCESR","10",0.74,"4","104 N_K"
"78","104 N","0 to 5",0.8,4,"tree","A",5,310,0.0407,0.00195,1.04685,0.0051,1.17705,0.0041,-24.29,0.34,1.05,0.12,"310_KKM_CCESR","5",0.74,"4","104 N_A"
"79","104 N","0 to 5",0.8,4,"grass","K",5,384,0.0289,0.002,1.1357,0.0053,0.751,0.0033,-23.88,0.47,0.78,0.11,"384_KKM_CCESR","5",0.74,"4","104 N_K"
"80","104 N","5 to 10",0.8,4,"grass","K",10,385,0.0119,0.0018,0.9664,0.0049,0.5424,0.0029,-21.7,0.25,3.76,0.08,"385_KKM_CCESR","5",0.74,"4","104 N_K"
"81","104 S","0 to 5",0.8,4,"tree","I",5,363,0.0469,0.0021,1.0304,0.0051,1.3221,0.0043,-25.47,0.92,0.83,0.3,"363_KKM_CCESR","5",0.74,"24","104 S_I"
"82","104 S","5 to 10",0.8,4,"grass","K",10,349,0.0411,0.0021,1.0649,0.0051,0.5284,0.0028,-20.46,0.81,3.05,0.1,"349_KKM_CCESR","5",0.74,"24","104 S_K"
"83","104 S","10 to 20",0.8,4,"grass","A",20,333,0.0687,0.0023,0.9362,0.0048,0.4446,0.0026,-24.74,0.95,6.25,0.09,"333_KKM_CCESR","10",0.74,"24","104 S_A"
"84","104 S","5 to 10",0.8,4,"tree","I",10,364,0.0158,0.0019,1.1156,0.0052,0.6894,0.0032,-24.75,0.25,2.16,0.08,"364_KKM_CCESR","5",0.74,"24","104 S_I"
"85","104 S","20 to 60",0.8,4,"tree","A",60,355,0.0074,0.0018,0.8711,0.0046,0.3234,0.0024,-18.4,0.2,3.69,0.05,"355_KKM_CCESR","40",0.74,"24","104 S_A"
"86","104 S","10 to 20",0.8,4,"grass","J",20,347,0.0062,0.0017,0.862,0.0046,0.5454,0.003,-18.43,0.41,2.61,0.07,"347_KKM_CCESR","10",0.74,"24","104 S_J"
"87","104 S","60 to 100",0.8,4,"tree","A",100,356,NA,0.0017,0.9862,0.0049,0.3919,0.0025,-19.69,0.11,2.93,0.04,"356_KKM_CCESR","40",0.74,"24","104 S_A"
"88","104 S","10 to 20",0.8,4,"tree","G",20,359,0.0139,0.0018,0.854,0.0046,0.4417,0.0027,-22.53,0.36,1.6,0.06,"359_KKM_CCESR","10",0.74,"24","104 S_G"
"89","104 S","10 to 20",0.8,4,"grass","H",20,341,0.0226,0.0018,0.9517,0.0048,0.4293,0.0027,-23.01,0.7,4.69,0.06,"341_KKM_CCESR","10",0.74,"24","104 S_H"
"90","104 S","10 to 20",0.8,4,"grass","K",20,350,0.0191,0.0018,1.0687,0.0051,0.4506,0.0027,-20.32,0.17,6.36,0.06,"350_KKM_CCESR","10",0.74,"24","104 S_K"
"91","104 S","5 to 10",0.8,4,"grass","J",10,346,0.0234,0.0019,0.9517,0.0048,0.4484,0.0027,-18.27,0.49,5.28,0.04,"346_KKM_CCESR","5",0.74,"24","104 S_J"
"92","104 S","5 to 10",0.8,4,"tree","H",10,361,0.021,0.0019,0.9663,0.0049,0.4987,0.0028,-25,0.14,4.15,0.04,"361_KKM_CCESR","5",0.74,"24","104 S_H"
"93","104 S","10 to 20",0.8,4,"tree","I",20,365,0.0117,0.0018,0.8344,0.0046,0.4377,0.0027,-22.15,0.53,3.31,0.06,"365_KKM_CCESR","10",0.74,"24","104 S_I"
"94","104 S","0 to 5",0.8,4,"tree","H",5,360,0.0245,0.0019,0.9031,0.0047,0.6047,0.003,-25.96,0.25,1.78,0.09,"360_KKM_CCESR","5",0.74,"24","104 S_H"
"95","104 S","5 to 10",0.8,4,"grass","A",10,332,0.0629,0.0023,0.912,0.0048,0.4064,0.0026,-24.53,0.96,6.36,0.09,"332_KKM_CCESR","5",0.74,"24","104 S_A"
"96","104 S","0 to 5",0.8,4,"grass","K",5,348,0.033,0.0019,0.9019,0.0048,0.5469,0.003,-21.05,0.85,2.7,0.1,"348_KKM_CCESR","5",0.74,"24","104 S_K"
"97","104 S","10 to 20",0.8,4,"tree","K",20,371,0.0197,0.0018,0.932,0.0048,0.5739,0.003,-22.63,0.16,4.68,0.05,"371_KKM_CCESR","10",0.74,"24","104 S_K"
"98","104 S","0 to 5",0.8,4,"tree","A",5,352,0.0269,0.002,0.8566,0.0046,0.6096,0.003,-25.62,0.21,1.48,0.07,"352_KKM_CCESR","5",0.74,"24","104 S_A"
"99","104 S","0 to 5",0.8,4,"grass","H",5,339,0.0561,0.0023,1.0569,0.0051,0.68,0.0031,-22.88,0.84,3.85,0.08,"339_KKM_CCESR","5",0.74,"24","104 S_H"
"100","104 S","5 to 10",0.8,4,"grass","H",10,340,0.0392,0.002,0.8555,0.0046,0.4079,0.0026,-22.45,0.65,4.8,0.06,"340_KKM_CCESR","5",0.74,"24","104 S_H"
"101","104 S","5 to 10",0.8,4,"tree","K",10,370,0.0303,0.002,0.9926,0.0049,0.6008,0.003,-22.32,0.13,4.31,0.04,"370_KKM_CCESR","5",0.74,"24","104 S_K"
"102","104 S","0 to 5",0.8,4,"tree","G",5,357,0.0307,0.002,0.903,0.0047,0.7158,0.0032,-25.44,0.17,3.42,0.06,"357_KKM_CCESR","5",0.74,"24","104 S_G"
"103","104 S","5 to 10",0.8,4,"grass","I",10,343,0.0223,0.0018,0.9425,0.0048,0.7509,0.0034,-21.04,1.03,3.99,0.08,"343_KKM_CCESR","5",0.74,"24","104 S_I"
"104","104 S","60 to 100",0.8,4,"grass","A",100,335,0.0551,0.0022,0.9884,0.0049,0.5785,0.0029,-21.68,0.21,NA,0.02,"335_KKM_CCESR","40",0.74,"24","104 S_A"
"105","104 S","0 to 5",0.8,4,"grass","J",5,345,0.0294,0.002,0.9829,0.0049,0.6293,0.003,-20,0.66,2.79,0.05,"345_KKM_CCESR","5",0.74,"24","104 S_J"
"106","104 S","10 to 20",0.8,4,"grass","G",20,338,0.0432,0.002,0.9563,0.0048,0.4601,0.0027,-23.18,0.5,5.13,0.05,"338_KKM_CCESR","10",0.74,"24","104 S_G"
"107","104 S","0 to 5",0.8,4,"grass","G",5,336,0.0499,0.0021,1.0815,0.0051,0.4515,0.0027,-23.77,0.14,6.09,0.06,"336_KKM_CCESR","5",0.74,"24","104 S_G"
"108","104 S","0 to 5",0.8,4,"grass","I",5,342,0.048,0.0022,0.8447,0.0046,0.7638,0.0033,-20.4,0.38,3.5,0.12,"342_KKM_CCESR","5",0.74,"24","104 S_I"
"109","104 S","5 to 10",0.8,4,"tree","A",10,353,0.0186,0.0018,0.8358,0.0046,0.3808,0.0026,-21.9,0.48,2.39,0.07,"353_KKM_CCESR","5",0.74,"24","104 S_A"
"110","104 S","5 to 10",0.8,4,"grass","G",10,337,0.0517,0.0022,1.0514,0.0051,0.4112,0.0026,-23.23,0.5,5.02,0.05,"337_KKM_CCESR","5",0.74,"24","104 S_G"
"111","104 S","5 to 10",0.8,4,"tree","G",10,358,0.034,0.002,1.0551,0.0051,0.6639,0.0031,-23.96,0.39,3.1,0.06,"358_KKM_CCESR","5",0.74,"24","104 S_G"
"112","104 S","10 to 20",0.8,4,"tree","J",20,368,0.011,0.0018,0.8828,0.0047,0.4232,0.0026,-23.11,0.41,1.14,0.05,"368_KKM_CCESR","10",0.74,"24","104 S_J"
"113","104 S","0 to 5",0.8,4,"tree","K",5,369,0.0429,0.002,1.0703,0.0051,0.9101,0.0036,-23.02,0.2,1.62,0.07,"369_KKM_CCESR","5",0.74,"24","104 S_K"
"114","104 S","0 to 5",0.8,4,"tree","J",5,366,0.0438,0.0022,1.0488,0.0051,0.8744,0.0035,-25.28,0.29,3.18,0.1,"366_KKM_CCESR","5",0.74,"24","104 S_J"
"115","104 S","20 to 60",0.8,4,"grass","A",60,334,0.0734,0.0023,0.9133,0.0048,0.4886,0.0027,-22.97,0.49,6.58,0.05,"334_KKM_CCESR","40",0.74,"24","104 S_A"
"116","104 S","0 to 5",0.8,4,"grass","A",5,331,0.067,0.0023,0.8853,0.0047,0.6426,0.0031,-24.07,0.29,5.6,0.12,"331_KKM_CCESR","5",0.74,"24","104 S_A"
"117","104 S","10 to 20",0.8,4,"tree","H",20,362,0.0343,0.0021,1.0889,0.0052,0.5562,0.0029,-22.96,0.42,2.58,0.06,"362_KKM_CCESR","10",0.74,"24","104 S_H"
"118","104 S","10 to 20",0.8,4,"grass","I",20,344,0.0274,0.0019,0.8818,0.0047,0.463,0.0027,-20.57,0.7,6.74,0.06,"344_KKM_CCESR","10",0.74,"24","104 S_I"
"119","104 S","10 to 20",0.8,4,"tree","A",20,354,0.0129,0.0018,0.8652,0.0046,0.4054,0.0026,-20.21,0.33,2.74,0.06,"354_KKM_CCESR","10",0.74,"24","104 S_A"
"120","104 S","5 to 10",0.8,4,"tree","J",10,367,0.0171,0.0018,0.9378,0.0048,0.6443,0.0031,-25.16,0.22,2.8,0.08,"367_KKM_CCESR","5",0.74,"24","104 S_J"
"121","105","5 to 10",0.5,3,"tree","A",10,62,0.0262,0.002,1.0268,0.005,0.6189,0.003,-24.82,0.72,2.19,0.04,"062_KKM_CCESR","5",0.47,"5","105_A"
"122","105","0 to 5",0.5,3,"tree","G",5,66,0.035,0.0019,1.0512,0.0051,0.9077,0.0036,-22.89,1.56,0.15,0.07,"066_KKM_CCESR","5",0.47,"5","105_G"
"123","105","0 to 5",0.5,3,"tree","J",5,75,0.0305,0.0019,0.79395,0.0045,0.81775,0.00345,-26.72,2.57,-1.12,0.09,"075_KKM_CCESR","5",0.47,"5","105_J"
"124","105","0 to 5",0.5,3,"grass","J",5,55,0.0518,0.0022,0.9552,0.0049,0.8106,0.0034,-22.91,2.16,1.68,0.08,"055_KKM_CCESR","5",0.47,"5","105_J"
"125","105","10 to 20",0.5,3,"grass","I",20,54,0.0226,0.002,0.9867,0.0049,0.5804,0.003,-23.2,0.43,2.38,0.05,"054_KKM_CCESR","10",0.47,"5","105_I"
"126","105","10 to 20",0.5,3,"tree","K",20,80,0.0315,0.002,1.0176,0.005,0.5705,0.0029,-24.93,0.89,1.64,0.04,"080_KKM_CCESR","10",0.47,"5","105_K"
"127","105","5 to 10",0.5,3,"grass","I",10,53,0.0255,0.002,1.0033,0.005,0.5693,0.0029,-20.86,0.34,-6.24,0.05,"053_KKM_CCESR","5",0.47,"5","105_I"
"128","105","0 to 5",0.5,3,"tree","H",5,69,0.0319,0.002,0.9714,0.0049,0.7179,0.0032,-25.7,0.95,-0.46,0.05,"069_KKM_CCESR","5",0.47,"5","105_H"
"129","105","0 to 5",0.5,3,"tree","A",5,61,0.0295,0.0019,1.0552,0.0051,1.0437,0.0039,-26.41,2.44,0.36,0.11,"061_KKM_CCESR","5",0.47,"5","105_A"
"130","105","5 to 10",0.5,3,"tree","G",10,67,0.0372,0.0021,1.1258,0.0052,0.5413,0.0029,-19.8,0.84,1.87,0.03,"067_KKM_CCESR","5",0.47,"5","105_G"
"131","105","5 to 10",0.5,3,"grass","J",10,56,0.0419,0.0021,0.9853,0.0049,0.6724,0.0031,-20.92,0.91,0.32,0.05,"056_KKM_CCESR","5",0.47,"5","105_J"
"132","105","5 to 10",0.5,3,"tree","I",10,73,0.032,0.002,1.0229,0.005,0.4934,0.0028,-22.4,0.6,5.41,0.03,"073_KKM_CCESR","5",0.47,"5","105_I"
"133","105","10 to 20",0.5,3,"tree","I",20,74,0.027,0.0019,1.1275,0.0052,0.4572,0.0027,-21.28,0.35,1.94,0.05,"074_KKM_CCESR","10",0.47,"5","105_I"
"134","105","0 to 5",0.5,3,"tree","I",5,72,0.03,0.002,1.0888,0.0052,0.7867,0.0034,-25.62,1.27,0.85,0.05,"072_KKM_CCESR","5",0.47,"5","105_I"
"135","105","20 to 60",0.5,3,"tree","A",60,64,0.02885,0.00205,1.0735,0.0051,0.54855,0.0028,-25.14,0.27,5.11,0.04,"064_KKM_CCESR","40",0.47,"5","105_A"
"136","105","0 to 5",0.5,3,"grass","G",5,46,0.0364,0.0021,1.0073,0.005,0.7662,0.0033,-23.58,0.42,-5.56,0.06,"046_KKM_CCESR","5",0.47,"5","105_G"
"137","105","10 to 20",0.5,3,"tree","J",20,77,0.0334,0.002,0.9119,0.0048,0.4852,0.0028,-22.75,0.53,3.4,0.05,"077_KKM_CCESR","10",0.47,"5","105_J"
"138","105","20 to 60",0.5,3,"grass","A",60,44,0.0171,0.0019,0.8729,0.0047,0.4827,0.0027,-19.61,0.32,4.6,0.04,"044_KKM_CCESR","40",0.47,"5","105_A"
"139","105","0 to 5",0.5,3,"grass","H",5,49,0.0359,0.0021,1.0344,0.0051,0.7383,0.0033,-25.09,0.53,-5.81,0.07,"049_KKM_CCESR","5",0.47,"5","105_H"
"140","105","10 to 20",0.5,3,"grass","J",20,57,0.0265,0.002,0.9858,0.0049,0.4817,0.0027,-20.43,0.69,5.31,0.04,"057_KKM_CCESR","10",0.47,"5","105_J"
"141","105","10 to 20",0.5,3,"tree","H",20,71,0.0176,0.0019,0.9496,0.0048,0.5486,0.0029,-26.44,0.49,2.07,0.05,"071_KKM_CCESR","10",0.47,"5","105_H"
"142","105","0 to 5",0.5,3,"grass","A",5,41,0.0393,0.0021,1.0408,0.0051,0.7973,0.0034,-23.07,0.63,-9.41,0.07,"041_KKM_CCESR","5",0.47,"5","105_A"
"143","105","10 to 20",0.5,3,"grass","K",20,60,0.0546,0.0022,1.0438,0.0051,0.6469,0.0031,-18.66,0.58,4.01,0.04,"060_KKM_CCESR","10",0.47,"5","105_K"
"144","105","5 to 10",0.5,3,"tree","H",10,70,0.0291,0.002,1.0552,0.0051,0.7953,0.0034,-24.82,0.79,2.03,0.04,"070_KKM_CCESR","5",0.47,"5","105_H"
"145","105","60 to 100",0.5,3,"grass","A",100,45,0.0132,0.0019,0.9655,0.0049,0.4733,0.0027,-19.52,0.16,NA,0.03,"045_KKM_CCESR","40",0.47,"5","105_A"
"146","105","10 to 20",0.5,3,"grass","G",20,48,0.0191,0.0019,0.9465,0.0048,0.5415,0.0029,-21.58,0.3,-7.75,0.05,"048_KKM_CCESR","10",0.47,"5","105_G"
"147","105","0 to 5",0.5,3,"grass","K",5,58,0.0536,0.0022,0.8922,0.0047,0.5668,0.0029,-18.23,1.06,2.01,0.05,"058_KKM_CCESR","5",0.47,"5","105_K"
"148","105","5 to 10",0.5,3,"grass","K",10,59,0.0379,0.0021,1.0079,0.005,0.5359,0.0029,-18.82,0.91,4.61,0.06,"059_KKM_CCESR","5",0.47,"5","105_K"
"149","105","10 to 20",0.5,3,"tree","G",20,68,0.029,0.002,1.0605,0.0051,0.5339,0.0028,-20.93,0.54,NA,0.02,"068_KKM_CCESR","10",0.47,"5","105_G"
"150","105","5 to 10",0.5,3,"grass","G",10,47,0.0148,0.0018,0.9717,0.0049,0.5396,0.0029,-22.24,0.36,-10.25,0.07,"047_KKM_CCESR","5",0.47,"5","105_G"
"151","105","5 to 10",0.5,3,"tree","J",10,76,0.0301,0.002,0.9797,0.0049,0.5257,0.0029,-24.36,1.31,1.4,0.06,"076_KKM_CCESR","5",0.47,"5","105_J"
"152","105","10 to 20",0.5,3,"tree","A",20,63,0.0345,0.0021,1.0323,0.0051,0.5167,0.0028,-25.83,0.52,4.03,0.05,"063_KKM_CCESR","10",0.47,"5","105_A"
"153","105","5 to 10",0.5,3,"grass","H",10,50,0.0336,0.002,1.0013,0.005,0.7848,0.0034,-24.59,0.38,-7.53,0.05,"050_KKM_CCESR","5",0.47,"5","105_H"
"154","105","5 to 10",0.5,3,"tree","K",10,79,0.0374,0.002,1.0314,0.005,0.7601,0.0033,-24.5,0.84,2.95,0.04,"079_KKM_CCESR","5",0.47,"5","105_K"
"155","105","10 to 20",0.5,3,"grass","H",20,51,0.0242,0.002,0.9883,0.0049,0.6347,0.0031,-23.8,0.37,-5.5,0.06,"051_KKM_CCESR","10",0.47,"5","105_H"
"156","105","10 to 20",0.5,3,"grass","A",20,43,0.0221,0.0019,1.0015,0.005,0.5316,0.0029,-20.2,0.42,3.84,0.06,"043_KKM_CCESR","10",0.47,"5","105_A"
"157","105","0 to 5",0.5,3,"grass","I",5,52,0.0302,0.002,1.0462,0.0051,0.7542,0.0033,-23,0.41,-8.75,0.06,"052_KKM_CCESR","5",0.47,"5","105_I"
"158","105","5 to 10",0.5,3,"grass","A",10,42,0.0279,0.002,0.9414,0.0048,0.5919,0.003,-22.2,0.38,-8.32,0.05,"042_KKM_CCESR","5",0.47,"5","105_A"
"159","105","60 to 100",0.5,3,"tree","A",100,65,0.0157,0.0019,1.0674,0.0051,0.4073,0.0025,-25.44,0.22,3.43,0.03,"065_KKM_CCESR","40",0.47,"5","105_A"
"160","105","0 to 5",0.5,3,"tree","K",5,78,0.0515,0.0021,1.0402,0.0051,0.9549,0.0037,-24.67,0.89,2.51,0.05,"078_KKM_CCESR","5",0.47,"5","105_K"
"161","106","10 to 20",0.66,3,"tree","G",20,108,0.0434,0.0022,0.9838,0.0049,0.5719,0.0029,-25.6,1.96,5.34,0.18,"108_KKM_CCESR","10",0.64,"6","106_G"
"162","106","20 to 60",0.66,3,"grass","A",60,84,0.019,0.0019,1.049,0.0051,0.5077,0.0028,-17.41,0.44,3.98,0.06,"084_KKM_CCESR","40",0.64,"6","106_A"
"163","106","0 to 5",0.66,3,"grass","H",5,89,0.0343,0.002,0.9663,0.0049,0.8733,0.0036,-24.65,0.85,0.09,0.09,"089_KKM_CCESR","5",0.64,"6","106_H"
"164","106","10 to 20",0.66,3,"tree","H",20,111,0.0079,0.0017,0.8274,0.0045,0.4674,0.0028,-23.51,2.63,5.18,0.24,"111_KKM_CCESR","10",0.64,"6","106_H"
"165","106","5 to 10",0.66,3,"grass","K",10,99,0.0327,0.002,0.8731,0.0047,0.5912,0.003,-20.46,0.65,4.23,0.03,"099_KKM_CCESR","5",0.64,"6","106_K"
"166","106","5 to 10",0.66,3,"tree","H",10,110,0.0155,0.0018,0.8314,0.0045,0.4897,0.0028,-24.44,1.43,3.37,0.06,"110_KKM_CCESR","5",0.64,"6","106_H"
"167","106","0 to 5",0.66,3,"tree","G",5,106,0.0227,0.0018,0.7825,0.0044,1.0383,0.0039,-27.21,3.97,-0.7,0.14,"106_KKM_CCESR","5",0.64,"6","106_G"
"168","106","0 to 5",0.66,3,"tree","K",5,118,0.0117,0.0015,0.7226,0.0043,0.9472,0.0039,-25.28,1.71,1.31,0.07,"118_KKM_CCESR","5",0.64,"6","106_K"
"169","106","0 to 5",0.66,3,"tree","J",5,115,0.0507,0.0022,0.9654,0.0049,0.6744,0.0031,-25.02,2.44,-0.56,0.11,"115_KKM_CCESR","5",0.64,"6","106_J"
"170","106","20 to 60",0.66,3,"tree","A",60,104,0.0156,0.0019,1.016,0.005,0.4427,0.0026,-22.78,0.84,NA,0.08,"104_KKM_CCESR","40",0.64,"6","106_A"
"171","106","5 to 10",0.66,3,"grass","A",10,82,0.0341,0.002,1.0591,0.0051,0.6319,0.0031,-19.61,0.85,2.7,0.09,"082_KKM_CCESR","5",0.64,"6","106_A"
"172","106","10 to 20",0.66,3,"grass","G",20,88,0.0286,0.002,1.001,0.005,0.5979,0.003,-18.86,0.37,3.06,0.05,"088_KKM_CCESR","10",0.64,"6","106_G"
"173","106","5 to 10",0.66,3,"grass","J",10,96,0.0358,0.002,0.9575,0.0049,0.6345,0.0031,-22.07,1.72,2.32,0.08,"096_KKM_CCESR","5",0.64,"6","106_J"
"174","106","0 to 5",0.66,3,"tree","I",5,112,0.0158,0.0017,1.007,0.005,0.6094,0.0031,-27.53,3.55,0.26,0.14,"112_KKM_CCESR","5",0.64,"6","106_I"
"175","106","5 to 10",0.66,3,"tree","I",10,113,0.0276,0.0019,0.9936,0.0049,0.4827,0.0028,-24.48,2.18,4.53,0.2,"113_KKM_CCESR","5",0.64,"6","106_I"
"176","106","10 to 20",0.66,3,"grass","A",20,83,0.0269,0.002,0.9884,0.0049,0.486,0.0027,-18.15,0.62,3.26,0.09,"083_KKM_CCESR","10",0.64,"6","106_A"
"177","106","10 to 20",0.66,3,"grass","I",20,94,0.0314,0.002,1.0514,0.0051,0.56,0.0029,-18.88,0.55,3.06,0.07,"094_KKM_CCESR","10",0.64,"6","106_I"
"178","106","5 to 10",0.66,3,"tree","A",10,102,0.015,0.0018,0.9039,0.0047,0.4195,0.0026,-24.7,0.98,3.76,0.04,"102_KKM_CCESR","5",0.64,"6","106_A"
"179","106","5 to 10",0.66,3,"tree","K",10,119,0.0296,0.002,1.061,0.0051,0.4568,0.0027,-23.39,2.24,5.2,0.2,"119_KKM_CCESR","5",0.64,"6","106_K"
"180","106","10 to 20",0.66,3,"grass","J",20,97,0.0296,0.002,0.9078,0.0048,0.5363,0.0029,-21.53,0.72,4.47,0.04,"097_KKM_CCESR","10",0.64,"6","106_J"
"181","106","5 to 10",0.66,3,"tree","G",10,107,0.0117,0.0018,0.9817,0.0049,0.6012,0.0031,-24.55,1.42,2.05,0.05,"107_KKM_CCESR","5",0.64,"6","106_G"
"182","106","10 to 20",0.66,3,"grass","H",20,91,0.0196,0.0019,0.9713,0.0049,0.4861,0.0027,-21.69,0.47,1.63,0.06,"091_KKM_CCESR","10",0.64,"6","106_H"
"183","106","10 to 20",0.66,3,"tree","A",20,103,0.021,0.002,1.0713,0.0051,0.417,0.0026,-23.63,0.56,4.88,0.03,"103_KKM_CCESR","10",0.64,"6","106_A"
"184","106","0 to 5",0.66,3,"grass","A",5,81,0.0352,0.002,0.9731,0.0049,0.7782,0.0034,-20.98,1.92,1.72,0.09,"081_KKM_CCESR","5",0.64,"6","106_A"
"185","106","10 to 20",0.66,3,"tree","I",20,114,0.0484,0.0022,0.9709,0.0049,0.5318,0.0029,-22.64,1.61,6.5,0.16,"114_KKM_CCESR","10",0.64,"6","106_I"
"186","106","5 to 10",0.66,3,"grass","H",10,90,0.0251,0.002,0.8486,0.0046,0.4709,0.0027,-22.33,0.49,2.13,0.06,"090_KKM_CCESR","5",0.64,"6","106_H"
"187","106","5 to 10",0.66,3,"grass","G",10,87,0.0451,0.0022,1.0045,0.005,0.6508,0.003,-19,0.37,2.14,0.05,"087_KKM_CCESR","5",0.64,"6","106_G"
"188","106","0 to 5",0.66,3,"grass","K",5,98,0.0373,0.002,1.1286,0.0052,0.7591,0.0033,-20.89,1.52,3.56,0.07,"098_KKM_CCESR","5",0.64,"6","106_K"
"189","106","0 to 5",0.66,3,"grass","G",5,86,0.0314,0.0021,0.946,0.0049,0.5715,0.0029,-21.07,0.36,0.96,0.05,"086_KKM_CCESR","5",0.64,"6","106_G"
"190","106","10 to 20",0.66,3,"tree","K",20,120,0.0231,0.0019,0.8502,0.0046,0.452,0.0027,-22.85,2.55,5.36,0.24,"120_KKM_CCESR","10",0.64,"6","106_K"
"191","106","0 to 5",0.66,3,"tree","A",5,101,0.0286,0.002,1.0487,0.0051,0.7893,0.0034,-26.87,2.96,0.6,0.11,"101_KKM_CCESR","5",0.64,"6","106_A"
"192","106","5 to 10",0.66,3,"grass","I",10,93,0.0379,0.002,1.0379,0.0051,0.662,0.0032,-19.8,0.99,3.43,0.05,"093_KKM_CCESR","5",0.64,"6","106_I"
"193","106","5 to 10",0.66,3,"tree","J",10,116,0.0279,0.002,0.9365,0.0048,0.5347,0.0029,-23.09,0.98,4.2,0.04,"116_KKM_CCESR","5",0.64,"6","106_J"
"194","106","60 to 100",0.66,3,"tree","A",100,105,0.0079,0.0018,1.0129,0.005,0.5006,0.0028,-22.21,0.42,NA,0.04,"105_KKM_CCESR","40",0.64,"6","106_A"
"195","106","0 to 5",0.66,3,"grass","I",5,92,0.0436,0.0021,0.8917,0.0047,0.7394,0.0033,-21.31,1.35,0.55,0.06,"092_KKM_CCESR","5",0.64,"6","106_I"
"196","106","10 to 20",0.66,3,"grass","K",20,100,0.0314,0.0021,1.0123,0.005,0.5344,0.0028,-19.55,0.52,6.92,0.03,"100_KKM_CCESR","10",0.64,"6","106_K"
"197","106","10 to 20",0.66,3,"tree","J",20,117,0.027,0.002,0.8269,0.0046,0.5432,0.0029,-23.66,2.55,4.49,0.21,"117_KKM_CCESR","10",0.64,"6","106_J"
"198","106","0 to 5",0.66,3,"grass","J",5,95,0.0272,0.0019,0.8868,0.0047,0.6631,0.0031,-21.81,1.49,0.55,0.07,"095_KKM_CCESR","5",0.64,"6","106_J"
"199","106","0 to 5",0.66,3,"tree","H",5,109,0.0256,0.0019,0.8677,0.0046,0.6166,0.0031,-25,1.33,1.1,0.06,"109_KKM_CCESR","5",0.64,"6","106_H"
"200","106","60 to 100",0.66,3,"grass","A",100,85,0.0185,0.0019,0.9273,0.0048,0.4685,0.0027,-17.27,0.26,3.73,0.04,"085_KKM_CCESR","40",0.64,"6","106_A"
"201","107","5 to 10",0.33,2,"grass","I",10,133,0.0185,0.0019,0.9408,0.0048,0.5423,0.0029,-24.88,2.34,2.18,0.23,"133_KKM_CCESR","5",0.32,"7","107_I"
"202","107","0 to 5",0.33,2,"tree","A",5,141,0.0135,0.0018,0.9692,0.0049,0.5569,0.003,-27.04,3.45,-0.35,0.14,"141_KKM_CCESR","5",0.32,"7","107_A"
"203","107","5 to 10",0.33,2,"tree","A",10,142,0.0245,0.002,0.9472,0.0049,0.4807,0.0027,-25.24,4.5,4.24,0.26,"142_KKM_CCESR","5",0.32,"7","107_A"
"204","107","10 to 20",0.33,2,"grass","H",20,130,0.0129,0.0019,0.9771,0.0049,0.4926,0.0028,-24.4,1.41,3.21,0.14,"130_KKM_CCESR","10",0.32,"7","107_H"
"205","107","5 to 10",0.33,2,"grass","J",10,136,0.0242,0.002,1.0753,0.0051,0.4905,0.0028,-24.61,2.5,4.82,0.2,"136_KKM_CCESR","5",0.32,"7","107_J"
"206","107","5 to 10",0.33,2,"tree","K",10,159,0.0369,0.002,1.1455,0.0053,0.535,0.0029,-24.01,1.74,2.66,0.22,"159_KKM_CCESR","5",0.32,"7","107_K"
"207","107","20 to 60",0.33,2,"grass","A",60,124,0.0109,0.0019,0.9184,0.0048,0.5214,0.0028,-22.26,0.51,NA,0.09,"124_KKM_CCESR","40",0.32,"7","107_A"
"208","107","5 to 10",0.33,2,"tree","I",10,153,0.0432,0.002,0.9543,0.0049,1.5352,0.0046,-27.53,4.24,-2.13,0.21,"153_KKM_CCESR","5",0.32,"7","107_I"
"209","107","10 to 20",0.33,2,"grass","I",20,134,0.0185,0.0019,0.9742,0.0049,0.4791,0.0027,-23.73,1.48,2.01,0.15,"134_KKM_CCESR","10",0.32,"7","107_I"
"210","107","0 to 5",0.33,2,"tree","J",5,155,0.0221,0.0019,1.1057,0.0052,0.7392,0.0033,-27.46,4.16,-0.58,0.25,"155_KKM_CCESR","5",0.32,"7","107_J"
"211","107","5 to 10",0.33,2,"tree","J",10,156,0.0018,0.0016,0.9261,0.0048,0.4736,0.0028,-24.75,2.77,3.65,0.23,"156_KKM_CCESR","5",0.32,"7","107_J"
"212","107","5 to 10",0.33,2,"grass","G",10,127,0.0288,0.002,0.9138,0.0048,0.595,0.003,-24.25,2.71,2.99,0.23,"127_KKM_CCESR","5",0.32,"7","107_G"
"213","107","0 to 5",0.33,2,"grass","H",5,129,NA,0.0017,0.9967,0.005,0.6792,0.0032,-27.48,1.61,-0.48,0.05,"129_KKM_CCESR","5",0.32,"7","107_H"
"214","107","10 to 20",0.33,2,"tree","K",20,160,0.0258,0.002,0.9111,0.0048,0.4079,0.0026,-23.77,1.91,3.4,0.18,"160_KKM_CCESR","10",0.32,"7","107_K"
"215","107","10 to 20",0.33,2,"tree","I",20,154,0.0249,0.0019,1.0568,0.0051,0.7152,0.0032,-25.39,3.03,2.41,0.24,"154_KKM_CCESR","10",0.32,"7","107_I"
"216","107","10 to 20",0.33,2,"grass","G",20,128,0.0189,0.002,0.9752,0.0049,0.4612,0.0027,-23.83,1.8,3.56,0.17,"128_KKM_CCESR","10",0.32,"7","107_G"
"217","107","10 to 20",0.33,2,"tree","J",20,157,0.013,0.0018,0.8958,0.0047,0.4174,0.0026,-23.9,2.22,4.48,0.19,"157_KKM_CCESR","10",0.32,"7","107_J"
"218","107","5 to 10",0.33,2,"grass","H",10,131,0.0054,0.0018,0.9207,0.0048,0.4061,0.0026,-26.32,2.77,3.51,0.19,"131_KKM_CCESR","5",0.32,"7","107_H"
"219","107","10 to 20",0.33,2,"tree","G",20,148,0.0157,0.0018,1.0022,0.005,0.4172,0.0026,-23.83,1.68,5.14,0.16,"148_KKM_CCESR","10",0.32,"7","107_G"
"220","107","20 to 60",0.33,2,"tree","A",60,144,0.003,0.0017,1.0261,0.005,0.372,0.0025,-21.23,0.52,NA,0.07,"144_KKM_CCESR","40",0.32,"7","107_A"
"221","107","10 to 20",0.33,2,"tree","A",20,143,0.0102,0.0018,0.9572,0.0049,0.4387,0.0027,-22.12,1.07,NA,0.11,"143_KKM_CCESR","10",0.32,"7","107_A"
"222","107","5 to 10",0.33,2,"grass","K",10,139,0.0083,0.0018,0.9875,0.0049,0.4414,0.0027,-25.3,2.78,4.27,0.23,"139_KKM_CCESR","5",0.32,"7","107_K"
"223","107","10 to 20",0.33,2,"grass","A",20,123,0.0207,0.002,1.0294,0.005,0.5862,0.0029,-24.33,1.23,NA,0.14,"123_KKM_CCESR","10",0.32,"7","107_A"
"224","107","0 to 5",0.33,2,"tree","K",5,158,0.031,0.002,1.0678,0.0051,0.8231,0.0035,-27.4,3.54,0.12,0.18,"158_KKM_CCESR","5",0.32,"7","107_K"
"225","107","0 to 5",0.33,2,"tree","G",5,146,0.0202,0.0019,0.9721,0.0049,0.6568,0.0031,-27.55,5.69,-1.45,0.21,"146_KKM_CCESR","5",0.32,"7","107_G"
"226","107","10 to 20",0.33,2,"grass","K",20,140,0.0143,0.0019,1.0449,0.0051,0.5007,0.0028,-23.71,1.29,5.3,0.14,"140_KKM_CCESR","10",0.32,"7","107_K"
"227","107","5 to 10",0.33,2,"tree","G",10,147,0.0394,0.0021,1.0314,0.005,0.5901,0.003,-24.64,1.72,6.67,0.15,"147_KKM_CCESR","5",0.32,"7","107_G"
"228","107","0 to 5",0.33,2,"tree","H",5,149,0.0061,0.0017,0.8687,0.0046,0.8678,0.0036,-27.27,3.76,0.03,0.14,"149_KKM_CCESR","5",0.32,"7","107_H"
"229","107","5 to 10",0.33,2,"tree","H",10,150,0.0151,0.0019,0.9048,0.0047,0.4453,0.0027,-25.52,3.49,2.68,0.28,"150_KKM_CCESR","5",0.32,"7","107_H"
"230","107","5 to 10",0.33,2,"grass","A",10,122,0.0248,0.002,0.9411,0.0048,0.5068,0.0028,-24.75,1.63,4.44,0.17,"122_KKM_CCESR","5",0.32,"7","107_A"
"231","107","10 to 20",0.33,2,"grass","J",20,137,0.022,0.002,1.0212,0.005,0.5386,0.0028,-23.92,1.45,NA,0.13,"137_KKM_CCESR","10",0.32,"7","107_J"
"232","107","0 to 5",0.33,2,"grass","K",5,138,0.0122,0.0018,1.0009,0.005,0.5388,0.0029,-26.08,5.56,2.07,0.41,"138_KKM_CCESR","5",0.32,"7","107_K"
"233","107","0 to 5",0.33,2,"grass","G",5,126,0.0315,0.002,1.0343,0.0051,0.6935,0.0032,-25.59,3.15,2.04,0.27,"126_KKM_CCESR","5",0.32,"7","107_G"
"234","107","0 to 5",0.33,2,"grass","J",5,135,0.0183,0.0019,0.9092,0.0048,0.6669,0.0032,-26.79,2.44,-0.24,0.1,"135_KKM_CCESR","5",0.32,"7","107_J"
"235","107","10 to 20",0.33,2,"tree","H",20,151,0.0134,0.0018,0.9536,0.0048,0.4231,0.0026,-22.27,0.45,NA,0.02,"151_KKM_CCESR","10",0.32,"7","107_H"
"236","107","60 to 100",0.33,2,"tree","A",100,145,NA,0.0017,0.9224,0.0048,0.4478,0.0027,-23.2,0.6,NA,0.06,"145_KKM_CCESR","40",0.32,"7","107_A"
"237","107","0 to 5",0.33,2,"grass","I",5,132,0.0114,0.0018,1.0887,0.0051,0.5532,0.0029,-27.13,3.61,0.23,0.13,"132_KKM_CCESR","5",0.32,"7","107_I"
"238","107","60 to 100",0.33,2,"grass","A",100,125,0.0185,0.002,1.0748,0.0051,0.5427,0.0028,-21.62,0.29,NA,0.07,"125_KKM_CCESR","40",0.32,"7","107_A"
"239","107","0 to 5",0.33,2,"grass","A",5,121,0.0155,0.0019,0.9126,0.0048,0.7358,0.0033,-27.86,4.98,-1.13,0.17,"121_KKM_CCESR","5",0.32,"7","107_A"
"240","108","0 to 5",0.33,2,"tree","A",5,181,0.0207,0.0018,0.8939,0.0047,0.9118,0.0037,-27.75,4.55,1.06,0.27,"181_KKM_CCESR","5",0.34,"8","108_A"
"241","108","10 to 20",0.33,2,"tree","H",20,191,0.0221,0.0019,0.8679,0.0046,0.3424,0.0024,-24.89,2.97,5.11,0.21,"191_KKM_CCESR","10",0.34,"8","108_H"
"242","108","5 to 10",0.33,2,"tree","I",10,193,0.0168,0.0018,0.8108,0.0045,0.3627,0.0025,-25.07,3.35,3.2,0.21,"193_KKM_CCESR","5",0.34,"8","108_I"
"243","108","0 to 5",0.33,2,"tree","J",5,195,0.0647,0.0021,0.9469,0.0049,2.2457,0.0058,-27.99,6.73,3.07,0.35,"195_KKM_CCESR","5",0.34,"8","108_J"
"244","108","0 to 5",0.33,2,"tree","K",5,198,0.0229,0.0019,0.9685,0.0049,0.6716,0.0032,-26.97,1.8,3.45,0.1,"198_KKM_CCESR","5",0.34,"8","108_K"
"245","108","10 to 20",0.33,2,"grass","A",20,163,0.0162,0.0018,1.0114,0.005,0.4403,0.0027,-22.86,1.71,3.74,0.17,"163_KKM_CCESR","10",0.34,"8","108_A"
"246","108","10 to 20",0.33,2,"grass","I",20,174,0.0162,0.0019,0.8551,0.0046,0.4278,0.0026,-24.14,1.24,NA,0.14,"174_KKM_CCESR","10",0.34,"8","108_I"
"247","108","0 to 5",0.33,2,"tree","I",5,192,0.0199,0.0019,1.0045,0.005,0.5634,0.0029,-26.96,2.03,3.34,0.11,"192_KKM_CCESR","5",0.34,"8","108_I"
"248","108","0 to 5",0.33,2,"grass","G",5,166,0.0314,0.0018,1.1399,0.0053,1.3258,0.0044,-27.17,5.67,0.39,0.32,"166_KKM_CCESR","5",0.34,"8","108_G"
"249","108","60 to 100",0.33,2,"tree","A",100,185,0.0317,0.0021,0.9183,0.0048,0.7629,0.0034,-20.53,0.46,NA,0.04,"185_KKM_CCESR","40",0.34,"8","108_A"
"250","108","10 to 20",0.33,2,"grass","J",20,177,0.0289,0.0019,0.9588,0.0049,0.5756,0.003,-24.86,2.04,NA,0.13,"177_KKM_CCESR","10",0.34,"8","108_J"
"251","108","60 to 100",0.33,2,"grass","A",100,165,0.0037,0.0017,0.8038,0.0045,0.508,0.0028,-20.9,0.63,NA,0.09,"165_KKM_CCESR","40",0.34,"8","108_A"
"252","108","0 to 5",0.33,2,"grass","J",5,175,0.0209,0.0017,0.9447,0.0049,1.3674,0.0045,-27.26,4.26,0.35,0.19,"175_KKM_CCESR","5",0.34,"8","108_J"
"253","108","10 to 20",0.33,2,"tree","J",20,197,0.0354,0.002,1.0309,0.005,0.509,0.0028,-23.98,1.19,NA,0.08,"197_KKM_CCESR","10",0.34,"8","108_J"
"254","108","10 to 20",0.33,2,"tree","A",20,183,0.0209,0.0018,0.9246,0.0048,0.4434,0.0027,-23.78,1.26,NA,0.09,"183_KKM_CCESR","10",0.34,"8","108_A"
"255","108","5 to 10",0.33,2,"tree","J",10,196,0.0279,0.0019,0.9354,0.0048,0.6162,0.0031,-25.21,1.84,NA,0.11,"196_KKM_CCESR","5",0.34,"8","108_J"
"256","108","10 to 20",0.33,2,"tree","K",20,200,0.0291,0.002,0.9043,0.0047,0.503,0.0028,-22.85,1.73,6.24,0.13,"200_KKM_CCESR","10",0.34,"8","108_K"
"257","108","5 to 10",0.33,2,"grass","J",10,176,0.0217,0.0018,0.8139,0.0045,0.6471,0.0032,-26.12,3.32,2.98,0.21,"176_KKM_CCESR","5",0.34,"8","108_J"
"258","108","10 to 20",0.33,2,"tree","G",20,188,0.0281,0.002,0.9504,0.0048,0.4609,0.0027,-23.82,1.75,NA,0.14,"188_KKM_CCESR","10",0.34,"8","108_G"
"259","108","5 to 10",0.33,2,"grass","G",10,167,0.0174,0.0017,0.952,0.0048,0.4885,0.0028,-25.92,0.97,3.19,0.05,"167_KKM_CCESR","5",0.34,"8","108_G"
"260","108","20 to 60",0.33,2,"tree","A",60,184,0.0343,0.002,0.9541,0.0049,0.5379,0.0029,-21.2,1.04,NA,0.09,"184_KKM_CCESR","40",0.34,"8","108_A"
"261","108","20 to 60",0.33,2,"grass","A",60,164,0.024,0.0019,1.0123,0.005,0.5335,0.0029,-21.64,1.13,NA,0.13,"164_KKM_CCESR","40",0.34,"8","108_A"
"262","108","0 to 5",0.33,2,"grass","H",5,169,0.0241,0.0019,0.9703,0.0049,0.8694,0.0036,-27.02,1.93,0.96,0.11,"169_KKM_CCESR","5",0.34,"8","108_H"
"263","108","10 to 20",0.33,2,"tree","I",20,194,0.0203,0.0019,0.873,0.0046,0.3971,0.0026,-24.1,1.67,NA,0.12,"194_KKM_CCESR","10",0.34,"8","108_I"
"264","108","10 to 20",0.33,2,"grass","H",20,171,0.0117,0.0018,0.9663,0.0049,0.3613,0.0025,-24.6,1.22,NA,0.11,"171_KKM_CCESR","10",0.34,"8","108_H"
"265","108","5 to 10",0.33,2,"grass","K",10,179,0.0538,0.0021,0.9547,0.0049,0.9592,0.0037,-25.02,3.33,4.3,0.23,"179_KKM_CCESR","5",0.34,"8","108_K"
"266","108","10 to 20",0.33,2,"grass","K",20,180,0.0444,0.002,0.9587,0.0049,0.584,0.003,-24.96,2.69,3.59,0.2,"180_KKM_CCESR","10",0.34,"8","108_K"
"267","108","0 to 5",0.33,2,"grass","A",5,161,0.0329,0.0019,0.9364,0.0048,0.875,0.0036,-26.69,1.31,2.64,0.09,"161_KKM_CCESR","5",0.34,"8","108_A"
"268","108","5 to 10",0.33,2,"grass","H",10,170,0.0138,0.0017,0.91,0.0047,0.5717,0.003,-25.34,2.69,4.38,0.23,"170_KKM_CCESR","5",0.34,"8","108_H"
"269","108","5 to 10",0.33,2,"grass","I",10,173,0.0177,0.0018,1.018,0.005,0.6094,0.0031,-26.4,1.99,4.59,0.15,"173_KKM_CCESR","5",0.34,"8","108_I"
"270","108","0 to 5",0.33,2,"grass","I",5,172,0.0339,0.002,0.93,0.0048,0.9599,0.0037,-26.58,4.37,1.82,0.38,"172_KKM_CCESR","5",0.34,"8","108_I"
"271","108","0 to 5",0.33,2,"tree","G",5,186,0.0267,0.0019,0.8651,0.0047,0.7827,0.0034,-27.55,2.65,1.05,0.16,"186_KKM_CCESR","5",0.34,"8","108_G"
"272","108","5 to 10",0.33,2,"grass","A",10,162,0.0313,0.00205,0.99925,0.005,0.57445,0.00295,-24.59,2.67,4.08,0.26,"162_KKM_CCESR","5",0.34,"8","108_A"
"273","108","5 to 10",0.33,2,"tree","H",10,190,0.0365,0.002,0.9904,0.005,0.5178,0.0028,-25.12,4.14,4.98,0.3,"190_KKM_CCESR","5",0.34,"8","108_H"
"274","108","0 to 5",0.33,2,"tree","H",5,189,0.0423,0.002,0.9311,0.0048,1.1368,0.004,-27.06,5.94,5.01,0.32,"189_KKM_CCESR","5",0.34,"8","108_H"
"275","108","5 to 10",0.33,2,"tree","G",10,187,0.0248,0.0019,0.8785,0.0047,0.4956,0.0028,-24.62,2.13,3.64,0.18,"187_KKM_CCESR","5",0.34,"8","108_G"
"276","108","0 to 5",0.33,2,"grass","K",5,178,0.0505,0.0021,0.986,0.005,1.2387,0.0042,-27.58,5.7,1.07,0.25,"178_KKM_CCESR","5",0.34,"8","108_K"
"277","108","5 to 10",0.33,2,"tree","K",10,199,0.0282,0.0018,0.9705,0.0049,0.4905,0.0029,-24.32,1.97,4.15,0.16,"199_KKM_CCESR","5",0.34,"8","108_K"
"278","108","5 to 10",0.33,2,"tree","A",10,182,0.0218,0.0018,0.9759,0.0049,0.4187,0.0026,-24.62,1.51,NA,0.11,"182_KKM_CCESR","5",0.34,"8","108_A"
"279","108","10 to 20",0.33,2,"grass","G",20,168,0.0212,0.0018,0.9003,0.0047,0.3795,0.0025,-23.64,1.76,3.54,0.22,"168_KKM_CCESR","10",0.34,"8","108_G"
"280","110","5 to 10",0,0,"tree","H",10,210,0.0227,0.0019,0.9319,0.0048,0.4798,0.0027,-25.62,2.92,1.87,0.21,"210_KKM_CCESR","5",0,"10","110_H"
"281","110","0 to 5",0,0,"tree","H",5,209,0.0226,0.0017,0.7682,0.0044,0.9024,0.0037,-28.38,4.75,4.29,0.32,"209_KKM_CCESR","5",0,"10","110_H"
"282","110","5 to 10",0,0,"tree","G",10,207,0.0196,0.0018,0.9435,0.0048,0.5169,0.0029,-24.53,3.45,3.66,0.25,"207_KKM_CCESR","5",0,"10","110_G"
"283","110","10 to 20",0,0,"tree","H",20,211,0.0235,0.0019,0.9381,0.0048,0.706,0.0032,-24.99,3.93,1.94,0.3,"211_KKM_CCESR","10",0,"10","110_H"
"284","110","0 to 5",0,0,"tree","K",5,218,0.0298,0.002,0.926,0.0048,0.7693,0.0034,-26.4,2.43,-0.16,0.16,"218_KKM_CCESR","5",0,"10","110_K"
"285","110","10 to 20",0,0,"tree","A",20,203,0.0244,0.0019,1.02,0.005,0.4231,0.0026,-22.04,1.54,NA,0.13,"203_KKM_CCESR","10",0,"10","110_A"
"286","110","0 to 5",0,0,"tree","J",5,215,0.0223,0.0019,0.9703,0.0049,0.506,0.0028,-26.42,1.98,1.79,0.1,"215_KKM_CCESR","5",0,"10","110_J"
"287","110","20 to 60",0,0,"tree","A",60,204,0.0212,0.0019,0.9188,0.0048,0.4766,0.0027,-20.72,1.2,NA,0.1,"204_KKM_CCESR","40",0,"10","110_A"
"288","110","60 to 100",0,0,"tree","A",100,205,0.005,0.0018,0.9739,0.0049,0.4294,0.0026,-20.53,0.43,NA,0.06,"205_KKM_CCESR","40",0,"10","110_A"
"289","110","0 to 5",0,0,"tree","G",5,206,0.0174,0.0018,0.7582,0.0044,0.4592,0.0028,-25.78,1.46,6.45,0.1,"206_KKM_CCESR","5",0,"10","110_G"
"290","110","10 to 20",0,0,"tree","I",20,214,0.0152,0.0018,0.9763,0.0049,0.4357,0.0027,-23.45,2.21,4.69,0.18,"214_KKM_CCESR","10",0,"10","110_I"
"291","110","5 to 10",0,0,"tree","A",10,202,0.0236,0.0019,0.9343,0.0048,0.3944,0.0026,-23.68,2.63,4.14,0.22,"202_KKM_CCESR","5",0,"10","110_A"
"292","110","5 to 10",0,0,"tree","K",10,219,0.0273,0.0019,0.8294,0.0046,0.5067,0.0028,-22.72,0.85,2.66,0.08,"219_KKM_CCESR","5",0,"10","110_K"
"293","110","5 to 10",0,0,"tree","I",10,213,0.0227,0.0019,1.0917,0.0052,0.4256,0.0026,-24.56,3.25,4.63,0.27,"213_KKM_CCESR","5",0,"10","110_I"
"294","110","10 to 20",0,0,"tree","J",20,217,0.0214,0.0018,0.8408,0.0046,0.4257,0.0027,-22.18,2.57,5.71,0.17,"217_KKM_CCESR","10",0,"10","110_J"
"295","110","10 to 20",0,0,"tree","K",20,220,0.0276,0.0019,1.0627,0.0051,0.434,0.0026,-19.52,0.59,3.22,0.06,"220_KKM_CCESR","10",0,"10","110_K"
"296","110","0 to 5",0,0,"tree","A",5,201,0.0094,0.0017,0.8134,0.0045,0.475,0.0028,-26.93,2.91,4.21,0.17,"201_KKM_CCESR","5",0,"10","110_A"
"297","110","5 to 10",0,0,"tree","J",10,216,0.0129,0.0017,0.6975,0.0042,0.3198,0.0025,-24.96,4.56,3.65,0.25,"216_KKM_CCESR","5",0,"10","110_J"
"298","110","0 to 5",0,0,"tree","I",5,212,0.0256,0.0019,0.9561,0.0049,0.5766,0.003,-25.73,1.29,12.21,0.09,"212_KKM_CCESR","5",0,"10","110_I"
"299","110","10 to 20",0,0,"tree","G",20,208,0.0195,0.0019,1.0145,0.005,0.4899,0.0028,-22.76,2.1,4.34,0.17,"208_KKM_CCESR","10",0,"10","110_G"
"300","111","0 to 5",0.1,1,"tree","A",5,221,0.0199,0.0019,0.9798,0.0049,0.4995,0.0028,-26.99,2.14,1.57,0.1,"221_KKM_CCESR","5",0.11,"11","111_A"
"301","111","5 to 10",0.1,1,"tree","H",10,230,0.0131,0.0018,1.0427,0.005,0.4929,0.0028,-23.63,0.51,2.5,0.06,"230_KKM_CCESR","5",0.11,"11","111_H"
"302","111","10 to 20",0.1,1,"tree","K",20,240,0.0271,0.0019,0.9301,0.0048,0.3734,0.0025,-21.17,0.43,5.39,0.04,"240_KKM_CCESR","10",0.11,"11","111_K"
"303","111","10 to 20",0.1,1,"tree","A",20,223,0.0054,0.0017,1.0589,0.0051,0.3526,0.0025,-20.23,0.42,5.01,0.04,"223_KKM_CCESR","10",0.11,"11","111_A"
"304","111","5 to 10",0.1,1,"tree","K",10,239,0.0161,0.0018,0.9008,0.0047,0.3969,0.0026,-22.72,0.69,3.8,0.05,"239_KKM_CCESR","5",0.11,"11","111_K"
"305","111","10 to 20",0.1,1,"tree","H",20,231,0.0067,0.0017,1.0715,0.0051,0.3714,0.0026,-26.08,1.02,0.36,0.06,"231_KKM_CCESR","10",0.11,"11","111_H"
"306","111","20 to 60",0.1,1,"tree","A",60,224,0.0084,0.0017,0.8634,0.0046,0.3895,0.0026,-19.53,0.37,4.21,0.04,"224_KKM_CCESR","40",0.11,"11","111_A"
"307","111","5 to 10",0.1,1,"tree","J",10,236,0.0157,0.0018,0.9234,0.0048,0.3617,0.0025,-25.17,0.92,1.98,0.06,"236_KKM_CCESR","5",0.11,"11","111_J"
"308","111","0 to 5",0.1,1,"tree","K",5,238,0.0126,0.0018,0.9442,0.0048,0.7051,0.0033,-27.88,6.01,-1.23,0.29,"238_KKM_CCESR","5",0.11,"11","111_K"
"309","111","5 to 10",0.1,1,"tree","G",10,227,0.0059,0.0017,0.8708,0.0047,0.3861,0.0026,-22.92,0.66,3.1,0.05,"227_KKM_CCESR","5",0.11,"11","111_G"
"310","111","10 to 20",0.1,1,"tree","I",20,234,0.0235,0.002,0.8983,0.0047,0.4677,0.0027,-21.74,0.37,3,0.03,"234_KKM_CCESR","10",0.11,"11","111_I"
"311","111","5 to 10",0.1,1,"tree","I",10,233,0.0109,0.0018,0.8708,0.0046,0.3028,0.0024,-22.48,0.52,4.27,0.04,"233_KKM_CCESR","5",0.11,"11","111_I"
"312","111","0 to 5",0.1,1,"tree","G",5,226,0.0129,0.00165,0.84215,0.00465,0.7738,0.00355,-27.1,2.88,-0.3,0.2,"226_KKM_CCESR","5",0.11,"11","111_G"
"313","111","10 to 20",0.1,1,"tree","G",20,228,0.003,0.0016,0.9604,0.0049,0.4296,0.0027,-22.07,0.58,6.52,0.04,"228_KKM_CCESR","10",0.11,"11","111_G"
"314","111","0 to 5",0.1,1,"tree","I",5,232,0.0065,0.0017,0.8933,0.0047,0.5021,0.0029,-26.65,1.03,1.03,0.06,"232_KKM_CCESR","5",0.11,"11","111_I"
"315","111","5 to 10",0.1,1,"tree","A",10,222,0.0197,0.0018,0.8711,0.0047,0.4229,0.0027,-22.1,0.57,3.94,0.05,"222_KKM_CCESR","5",0.11,"11","111_A"
"316","111","0 to 5",0.1,1,"tree","H",5,229,0.0159,0.0018,0.8674,0.0047,0.6351,0.0032,-27.45,1.97,-0.98,0.13,"229_KKM_CCESR","5",0.11,"11","111_H"
"317","111","60 to 100",0.1,1,"tree","A",100,225,0.0285,0.002,0.8486,0.0046,0.5054,0.0028,-18.06,0.16,NA,0.02,"225_KKM_CCESR","40",0.11,"11","111_A"
"318","111","0 to 5",0.1,1,"tree","J",5,235,0.0058,0.0016,0.9266,0.0048,0.7258,0.0033,-26.69,1.11,1.3,0.07,"235_KKM_CCESR","5",0.11,"11","111_J"
"319","111","10 to 20",0.1,1,"tree","J",20,237,0.0069,0.0018,0.9403,0.0048,0.3248,0.0024,-18.69,0.41,1.37,0.04,"237_KKM_CCESR","10",0.11,"11","111_J"
"320","113","5 to 10",0.1,1,"tree","G",10,247,0.0259,0.0019,0.8609,0.0046,0.3381,0.0024,-23.77,0.88,2.75,0.07,"247_KKM_CCESR","5",0.09,"13","113_G"
"321","113","10 to 20",0.1,1,"tree","I",20,254,0.0105,0.0018,0.8671,0.0046,0.3418,0.0025,-21.77,0.54,4.2,0.05,"254_KKM_CCESR","10",0.09,"13","113_I"
"322","113","0 to 5",0.1,1,"tree","G",5,246,0.0097,0.0017,0.9192,0.0048,0.4588,0.0028,-26.2,2.52,0.62,0.16,"246_KKM_CCESR","5",0.09,"13","113_G"
"323","113","5 to 10",0.1,1,"tree","K",10,259,0.0113,0.0017,0.8736,0.0047,0.3055,0.0024,-23.93,0.96,5.46,0.07,"259_KKM_CCESR","5",0.09,"13","113_K"
"324","113","10 to 20",0.1,1,"tree","A",20,243,NA,0.0016,0.8233,0.0045,0.3769,0.0026,-22.08,0.54,4.5,0.04,"243_KKM_CCESR","10",0.09,"13","113_A"
"325","113","0 to 5",0.1,1,"tree","K",5,258,0.0034,0.0015,0.8905,0.0047,0.452,0.0028,-26.08,0.4,2.33,0.12,"258_KKM_CCESR","5",0.09,"13","113_K"
"326","113","5 to 10",0.1,1,"tree","H",10,250,0.0164,0.0019,0.9673,0.0049,0.3317,0.0024,-23.79,0.41,NA,0.03,"250_KKM_CCESR","5",0.09,"13","113_H"
"327","113","0 to 5",0.1,1,"tree","H",5,249,0.0285,0.002,0.9138,0.0048,0.4531,0.0027,-26.83,0.49,0.04,0.13,"249_KKM_CCESR","5",0.09,"13","113_H"
"328","113","5 to 10",0.1,1,"tree","I",10,253,0.0218,0.0019,0.9177,0.0048,0.3334,0.0024,-23.74,0.75,4.33,0.07,"253_KKM_CCESR","5",0.09,"13","113_I"
"329","113","5 to 10",0.1,1,"tree","J",10,256,0.0102,0.0017,1.1289,0.0052,0.3534,0.0025,-22.36,0.47,2.81,0.04,"256_KKM_CCESR","5",0.09,"13","113_J"
"330","113","10 to 20",0.1,1,"tree","J",20,257,0.0114,0.0017,0.9658,0.0049,0.4231,0.0027,-21.68,0.43,5.9,0.04,"257_KKM_CCESR","10",0.09,"13","113_J"
"331","113","0 to 5",0.1,1,"tree","J",5,255,NA,0.0016,0.9695,0.0049,0.3724,0.0026,-25.09,0.83,0.9,0.06,"255_KKM_CCESR","5",0.09,"13","113_J"
"332","113","20 to 60",0.1,1,"tree","A",60,244,NA,0.0016,0.8507,0.0046,0.335,0.0025,-20.59,0.21,NA,0.02,"244_KKM_CCESR","40",0.09,"13","113_A"
"333","113","5 to 10",0.1,1,"tree","A",10,242,NA,0.0016,0.8248,0.0045,0.3025,0.0024,-23.4,0.82,5.4,0.06,"242_KKM_CCESR","5",0.09,"13","113_A"
"334","113","0 to 5",0.1,1,"tree","A",5,241,0.0123,0.0019,0.9091,0.0048,0.456,0.0027,-27,1.32,2.68,0.08,"241_KKM_CCESR","5",0.09,"13","113_A"
"335","113","10 to 20",0.1,1,"tree","H",20,251,0.0078,0.0018,1.0337,0.005,0.3917,0.0026,-25.9,0.76,4.84,0.04,"251_KKM_CCESR","10",0.09,"13","113_H"
"336","113","60 to 100",0.1,1,"tree","A",100,245,0.0143,0.0019,1.0217,0.0051,0.5758,0.003,-20.97,0.03,NA,0.01,"245_KKM_CCESR","40",0.09,"13","113_A"
"337","113","0 to 5",0.1,1,"tree","I",5,252,0.0152,0.0018,0.9926,0.005,0.5816,0.003,-27,0.49,0.19,0.14,"252_KKM_CCESR","5",0.09,"13","113_I"
"338","113","10 to 20",0.1,1,"tree","K",20,387,0.008,0.0017,0.8253,0.0045,0.2981,0.0024,-23.35,0.6,4.37,0.06,"387_KKM_CCESR","10",0.09,"13","113_K"
"339","113","10 to 20",0.1,1,"tree","G",20,248,0.0132,0.0018,0.9065,0.0047,0.3943,0.0026,-21.34,0.49,4.74,0.04,"248_KKM_CCESR","10",0.09,"13","113_G"
"340","209","5 to 10",0,0,"tree","K",10,278,0.018,0.0018,0.9389,0.0048,0.3388,0.0024,-24.68,1.55,4.36,0.07,"278_KKM_CCESR","5",0,"9","209_K"
"341","209","0 to 5",0,0,"tree","G",5,265,NA,0.0016,0.7688,0.0044,0.5574,0.003,-25.83,0.22,3.11,0.08,"265_KKM_CCESR","5",0,"9","209_G"
"342","209","0 to 5",0,0,"tree","K",5,277,0.0079,0.0018,0.9351,0.0048,0.3971,0.0026,-26.21,0.35,1.93,0.11,"277_KKM_CCESR","5",0,"9","209_K"
"343","209","0 to 5",0,0,"tree","J",5,274,0.0286,0.002,0.8848,0.0047,0.5339,0.0029,-25.6,1.81,2.2,0.08,"274_KKM_CCESR","5",0,"9","209_J"
"344","209","10 to 20",0,0,"tree","A",20,262,0.0132,0.0018,0.9231,0.0048,0.4188,0.0026,-20.75,0.83,7.37,0.04,"262_KKM_CCESR","10",0,"9","209_A"
"345","209","5 to 10",0,0,"tree","G",10,266,NA,0.0016,1.0142,0.005,0.4388,0.0027,-23.88,0.85,4.19,0.04,"266_KKM_CCESR","5",0,"9","209_G"
"346","209","0 to 5",0,0,"tree","I",5,271,0.0205,0.0018,0.9011,0.0047,0.555,0.003,-26.63,0.37,0.53,0.09,"271_KKM_CCESR","5",0,"9","209_I"
"347","209","10 to 20",0,0,"tree","G",20,267,0.0061,0.0017,0.9755,0.0049,0.3472,0.0025,-21.84,0.69,NA,0.03,"267_KKM_CCESR","10",0,"9","209_G"
"348","209","10 to 20",0,0,"tree","K",20,279,0.0202,0.0019,0.8945,0.0047,0.4173,0.0026,-23.42,1,6.35,0.04,"279_KKM_CCESR","10",0,"9","209_K"
"349","209","10 to 20",0,0,"tree","I",20,273,0.0154,0.0019,0.8334,0.0046,0.4157,0.0026,-22.02,0.54,3.45,0.04,"273_KKM_CCESR","10",0,"9","209_I"
"350","209","0 to 5",0,0,"tree","H",5,268,0.0159,0.0018,0.8315,0.0046,0.4532,0.0028,-26.37,0.32,1.83,0.11,"268_KKM_CCESR","5",0,"9","209_H"
"351","209","10 to 20",0,0,"tree","J",20,276,0.0196,0.0019,0.9438,0.0048,0.4716,0.0027,-21.46,0.83,6.46,0.05,"276_KKM_CCESR","10",0,"9","209_J"
"352","209","10 to 20",0,0,"tree","H",20,270,0.0193,0.0019,0.8531,0.0046,0.377,0.0025,-21.07,0.67,NA,0.03,"270_KKM_CCESR","10",0,"9","209_H"
"353","209","5 to 10",0,0,"tree","J",10,275,0.0189,0.0019,0.8505,0.0046,0.334,0.0024,-23.54,1.09,4.77,0.05,"275_KKM_CCESR","5",0,"9","209_J"
"354","209","5 to 10",0,0,"tree","A",10,261,0.0263,0.002,1.0744,0.0051,0.515,0.0028,-23,1.01,4.1,0.05,"261_KKM_CCESR","5",0,"9","209_A"
"355","209","5 to 10",0,0,"tree","H",10,269,0.0314,0.0019,0.9723,0.0049,0.3707,0.0025,-22.85,0.88,6,0.04,"269_KKM_CCESR","5",0,"9","209_H"
"356","209","60 to 100",0,0,"tree","A",100,264,0.011,0.0018,0.9633,0.0049,0.4863,0.0028,-18.75,0.28,NA,0.01,"264_KKM_CCESR","40",0,"9","209_A"
"357","209","0 to 5",0,0,"tree","A",5,260,0.0128,0.0017,0.9761,0.0049,0.6501,0.0032,-25.66,2.05,0.54,0.09,"260_KKM_CCESR","5",0,"9","209_A"
"358","209","5 to 10",0,0,"tree","I",10,272,0.0174,0.0018,0.9809,0.0049,0.3784,0.0025,-24.61,0.79,NA,0.03,"272_KKM_CCESR","5",0,"9","209_I"
"359","209","20 to 60",0,0,"tree","A",60,263,0.0146,0.0018,0.8481,0.0046,0.4717,0.0028,-19.43,0.52,NA,0.03,"263_KKM_CCESR","40",0,"9","209_A"
"360","301","10 to 20",0,0,"tree","I",20,293,0.0215,0.0019,0.7656,0.0044,0.3762,0.0025,-24.12,0.77,6.22,0.04,"293_KKM_CCESR","10",0,"18","301_I"
"361","301","5 to 10",0,0,"tree","A",10,281,0.0263,0.0019,0.9444,0.0048,0.4164,0.0026,-24.39,1.17,3.53,0.05,"281_KKM_CCESR","5",0,"18","301_A"
"362","301","5 to 10",0,0,"tree","K",10,298,0.0156,0.0019,1.1328,0.0052,0.3975,0.0025,-24.3,1.15,4.82,0.05,"298_KKM_CCESR","5",0,"18","301_K"
"363","301","5 to 10",0,0,"tree","G",10,286,0.0279,0.0018,0.9637,0.0049,0.4054,0.0026,-25.31,1.22,2.84,0.05,"286_KKM_CCESR","5",0,"18","301_G"
"364","301","10 to 20",0,0,"tree","G",20,287,0.0182,0.0018,1.0089,0.005,0.4496,0.0027,-25.36,0.95,5.21,0.04,"287_KKM_CCESR","10",0,"18","301_G"
"365","301","10 to 20",0,0,"tree","H",20,290,0.017,0.0018,0.966,0.0049,0.522,0.0029,-25.87,1.09,3.15,0.05,"290_KKM_CCESR","10",0,"18","301_H"
"366","301","0 to 5",0,0,"tree","H",5,288,0.0131,0.0018,1.0132,0.005,0.6262,0.0031,-27,0.69,-1.3,0.18,"288_KKM_CCESR","5",0,"18","301_H"
"367","301","0 to 5",0,0,"tree","J",5,294,0.0142,0.0018,0.8404,0.0046,0.4662,0.0028,-26.46,0.52,0.91,0.14,"294_KKM_CCESR","5",0,"18","301_J"
"368","301","0 to 5",0,0,"tree","G",5,285,0.0046,0.0017,0.9587,0.0049,0.5727,0.003,-26.45,0.57,-1.37,0.17,"285_KKM_CCESR","5",0,"18","301_G"
"369","301","10 to 20",0,0,"tree","J",20,296,0.0234,0.002,0.9196,0.0048,0.3699,0.0025,-24.89,0.86,5.81,0.04,"296_KKM_CCESR","10",0,"18","301_J"
"370","301","5 to 10",0,0,"tree","J",10,295,0.0227,0.0019,0.877,0.0047,0.2893,0.0023,-25.3,1.4,4.87,0.06,"295_KKM_CCESR","5",0,"18","301_J"
"371","301","0 to 5",0,0,"tree","A",5,280,0.0113,0.0018,0.9908,0.0049,0.5426,0.0029,-26.46,0.6,0.15,0.18,"280_KKM_CCESR","5",0,"18","301_A"
"372","301","10 to 20",0,0,"tree","K",20,299,NA,0.0016,0.9425,0.0048,0.3535,0.0025,-23.73,0.98,3.59,0.05,"299_KKM_CCESR","10",0,"18","301_K"
"373","301","5 to 10",0,0,"tree","I",10,292,0.0122,0.0018,0.9589,0.0049,0.4153,0.0026,-26.57,1.88,0.46,0.08,"292_KKM_CCESR","5",0,"18","301_I"
"374","301","60 to 100",0,0,"tree","A",100,284,0.012,0.0018,0.9173,0.0047,0.4835,0.0027,-22.51,0.26,NA,0.01,"284_KKM_CCESR","40",0,"18","301_A"
"375","301","0 to 5",0,0,"tree","K",5,297,0.0104,0.0018,0.8912,0.0047,0.432,0.0027,-25.85,1.26,2.04,0.06,"297_KKM_CCESR","5",0,"18","301_K"
"376","301","0 to 5",0,0,"tree","I",5,291,0.0172,0.0018,0.9278,0.0048,0.8535,0.0036,-27.25,1.64,-2.57,0.4,"291_KKM_CCESR","5",0,"18","301_I"
"377","301","5 to 10",0,0,"tree","H",10,289,NA,0.0016,1.0522,0.0051,0.3372,0.0024,-26.34,1.3,0.42,0.05,"289_KKM_CCESR","5",0,"18","301_H"
"378","301","20 to 60",0,0,"tree","A",60,283,0.0081,0.0018,0.852,0.0046,0.3547,0.0025,-22.25,0.41,NA,0.02,"283_KKM_CCESR","40",0,"18","301_A"
"379","301","10 to 20",0,0,"tree","A",20,282,0.0139,0.0018,0.8851,0.0047,0.4241,0.0026,-23.54,0.96,5.41,0.04,"282_KKM_CCESR","10",0,"18","301_A"
