File.Name,Region.of.Interest,Number.of.Root.Tips,Number.of.Branch.Points,Total.Root.Length.mm,Branching.frequency.per.mm,Network.Area.mm2,Average.Diameter.mm,Median.Diameter.mm,Maximum.Diameter.mm,Perimeter.mm,Volume.mm3,Surface.Area.mm2,Computation.Time.s,Root.Length.Diameter.Range.1.mm,Root.Length.Diameter.Range.2.mm,Root.Length.Diameter.Range.3.mm,Projected.Area.Diameter.Range.1.mm2,Projected.Area.Diameter.Range.2.mm2,Projected.Area.Diameter.Range.3.mm2,Surface.Area.Diameter.Range.1.mm2,Surface.Area.Diameter.Range.2.mm2,Surface.Area.Diameter.Range.3.mm2,Volume.Diameter.Range.1.mm3,Volume.Diameter.Range.2.mm3,Volume.Diameter.Range.3.mm3
104_AmphBract_1.tiff,Full,1082,1162,893.172168,1.300981,189.695582,0.325164,0.239494,2.241863,1322.697624,127.141932,927.249521,0.596,892.050861,1.121307,0,292.530044,2.376836,0,919.782469,7.467052,0,123.18089,3.961042,0
104_AmphBract_2.tiff,Full,756,957,777.273771,1.231226,198.014212,0.378701,0.267763,2.473003,1126.829172,148.119363,938.84248,0.68,775.09103,2.182741,0,293.790197,4.897327,0,923.457073,15.385407,0,139.45386,8.665503,0
104_AmphBract_3.tiff,Full,1140,1440,1128.149008,1.276427,289.615927,0.408203,0.267763,3.054139,1563.945148,288.525828,1486.68563,0.621,1112.786605,15.362403,0,435.510035,37.582504,0,1368.616711,118.068919,0,215.421262,73.104566,0
104_AmphBract_4.tiff,Full,692,810,537.065838,1.508195,112.366922,0.333865,0.239494,2.409864,756.004003,90.022266,577.762148,0.4,535.575016,1.490821,0,180.455998,3.288035,0,567.432482,10.329666,0,84.308833,5.713433,0
104_AmphBract_5.tiff,Full,999,1237,1023.290812,1.208845,254.509554,0.401381,0.305296,3.105355,1438.720325,242.312474,1301.578091,0.73,1012.274379,11.016433,0,387.623451,26.482039,0,1218.38231,83.195781,0,191.471321,50.841154,0
104_AndrGera_1.tiff,Full,439,385,241.55437,1.593844,44.240554,0.359736,0.254022,1.893368,332.525976,42.997113,288.194829,0.35,241.55437,0,0,91.654576,0,0,288.194829,0,0,42.997113,0,0
104_AndrGera_2.tiff,Full,13271,44626,10073.998402,4.42982,2276.130104,0.683301,0.119747,18.832306,9506.565219,37487.120534,27640.349524,2.536,8876.221447,683.139493,514.637462,2391.381981,2213.03777,4180.015014,7553.157038,6953.629615,13133.562871,1405.201172,6021.308534,30060.610827
104_AndrGera_3.tiff,Full,13218,25731,7689.46547,3.346266,1684.007152,0.766133,0.169348,11.910476,7369.132805,23544.916765,22664.988942,1.997,6573.909644,733.081522,382.474304,2160.280381,2341.402284,2705.586626,6808.223103,7356.914772,8499.851067,1460.697768,6273.421659,15810.797337
104_AndrGera_4.tiff,Full,22846,47586,11584.079617,4.107879,2921.842882,0.763429,0.119747,20.553644,11731.590867,55649.388958,35909.186819,3.152,10066.64602,826.286946,691.146651,2738.810651,2653.67461,6022.192077,8650.820802,8339.091628,18919.274389,1701.743388,7168.220535,46779.425036
104_AndrGera_5.tiff,Full,505,624,378.9825,1.646514,96.362388,0.696203,0.42337,3.641967,315.875087,325.185188,883.19088,0.188,345.614018,33.368483,0,195.319217,85.577302,0,613.94752,269.24336,0,147.717787,177.467401,0
104_AndrGera_6.tiff,Full,405,399,226.185485,1.764039,52.173813,0.470688,0.34912,2.118543,241.985572,71.674012,348.254134,0.154,225.353273,0.832212,0,109.071749,1.705355,0,342.896603,5.357531,0,68.92833,2.745682,0
104_AndrGera_7.tiff,Full,5411,17372,5781.664289,3.004671,1744.598178,1.106186,0.254022,14.373646,4031.36972,31153.662752,24373.824632,1.516,4659.367926,670.51078,451.785583,2093.96074,2068.774051,3589.968612,6593.378786,6500.484821,11279.961025,1618.579317,5397.417653,24137.665782
104_AndrGera_8.tiff,Full,798,766,368.98009,2.075993,65.674334,0.335953,0.239494,1.849308,446.36458,62.700268,408.74554,0.253,368.98009,0,0,129.938789,0,0,408.74554,0,0,62.700268,0,0
104_AndrGera_9.tiff,Full,366,406,285.261304,1.423256,78.931086,0.665593,0.42337,2.890101,270.716497,202.035228,625.975246,0.186,265.810995,19.450309,0,152.999179,46.010392,0,481.073199,144.902048,0,115.083744,86.951484,0
104_PoaPrat_1.tiff,Full,103,131,92.555878,1.415361,17.553187,0.264098,0.254022,0.682664,140.195758,6.58153,78.009024,0.063,92.555878,0,0,24.805071,0,0,78.009024,0,0,6.58153,0,0
104_PoaPrat_2.tiff,Full,1335,1771,1367.772129,1.294806,482.804939,1.188926,0.598736,8.977441,1039.383807,4724.416992,5602.249635,0.724,1093.097819,199.133866,75.540444,671.47416,614.708246,495.569809,2110.593421,1932.293809,1559.362404,514.61568,1592.476624,2617.324688
104_PoaPrat_3.tiff,Full,388,218,111.336789,1.958023,15.543882,0.198191,0.169348,0.946684,183.117876,5.710597,72.030993,0.212,111.336789,0,0,22.928177,0,0,72.030993,0,0,5.710597,0,0
104_PoaPrat_4.tiff,Full,256,175,91.291999,1.916926,15.959724,0.269386,0.189337,1.071051,130.277292,8.837679,79.964601,0.162,91.291999,0,0,25.445507,0,0,79.964601,0,0,8.837679,0,0
104_PoaPrat_5.tiff,Full,375,207,138.771558,1.49166,32.303025,0.404181,0.239494,2.31115,187.361119,40.506511,188.253841,0.383,136.971096,1.800462,0,56.082739,3.816058,0,176.26534,11.988501,0,34.142592,6.36392,0
104_PoaPrat_6.tiff,Full,263,101,75.271201,1.341815,10.288501,0.160444,0.169348,0.378674,140.494949,1.993683,39.438059,0.319,75.271201,0,0,12.548454,0,0,39.438059,0,0,1.993683,0,0
104_PoaPrat_7.tiff,Full,152,70,55.839675,1.253589,8.840224,0.180339,0.169348,0.378674,104.41088,1.813975,32.977656,0.103,55.839675,0,0,10.484189,0,0,32.977656,0,0,1.813975,0,0
104_PoaPrat_8.tiff,Full,102,44,23.049471,1.908938,3.21202,0.217658,0.169348,0.850963,35.213258,1.50541,16.681341,0.104,23.049471,0,0,5.309836,0,0,16.681341,0,0,1.50541,0,0
104_PoaPrat_9.tiff,Full,178,92,60.398664,1.523212,8.505041,0.205512,0.169348,0.850963,99.262963,3.016307,39.855269,0.222,60.398664,0,0,12.686326,0,0,39.855269,0,0,3.016307,0,0
104_PoaPrat_10.tiff,Full,226,174,88.586989,1.964171,18.540811,0.423865,0.267763,1.533512,91.86873,22.859411,124.924045,0.136,88.586989,0,0,39.743083,0,0,124.924045,0,0,22.859411,0,0
104_PoaPrat_11.tiff,Full,111,93,58.87277,1.579678,12.301391,0.278018,0.267763,0.661325,88.852013,4.838883,53.74803,0.127,58.87277,0,0,17.085733,0,0,53.74803,0,0,4.838883,0,0
104_PoaPrat_12.tiff,Full,279,259,128.665263,2.012975,28.689503,0.367549,0.254022,1.314494,155.111753,25.945953,160.10297,0.139,128.665263,0,0,50.952219,0,0,160.10297,0,0,25.945953,0,0
104_PoaPrat_13.tiff,Full,2487,3824,2360.819684,1.619776,692.326499,0.815818,0.508044,6.293848,1699.917811,3128.56992,6451.320468,0.645,2106.814909,232.042785,21.96199,1262.430176,668.59513,120.915948,3969.647882,2101.803933,379.868653,973.761468,1630.156565,524.651888
104_PoaPrat_14.tiff,Full,96,57,28.168509,2.023536,3.694181,0.242675,0.169348,1.113713,40.986651,2.936399,22.92075,0.035,28.168509,0,0,7.295901,0,0,22.92075,0,0,2.936399,0,0
104_PoaPrat_15.tiff,Full,206,172,129.569598,1.327472,16.816501,0.172879,0.169348,0.592718,223.209218,4.020031,71.462641,0.199,129.569598,0,0,22.722786,0,0,71.462641,0,0,4.020031,0,0
104_PoaPrat_16.tiff,Full,454,281,123.790704,2.26996,15.637088,0.178333,0.169348,1.01961,202.212985,4.933708,72.355402,0.865,123.790704,0,0,22.97879,0,0,72.355402,0,0,4.933708,0,0
104_PoaPrat_17.tiff,Full,301,27,38.598972,0.6995,3.27117,0.101062,0.084674,0.254022,81.352988,0.354312,12.489234,0.689,38.598972,0,0,3.967431,0,0,12.489234,0,0,0.354312,0,0
106_AmphBract_1.tiff,Full,348,409,384.443118,1.063877,136.328016,0.673085,0.34912,4.301739,472.214097,313.704163,843.69048,0.219,357.529675,26.913443,0,192.424382,76.119302,0,604.55464,239.135839,0,138.21698,175.487183,0
106_AmphBract_2.tiff,Full,419,483,431.548214,1.119226,118.778414,0.47871,0.338696,3.640982,575.816533,167.66436,664.83927,0.173,419.561769,11.986445,0,180.397143,31.126376,0,567.052877,97.786393,0,102.145846,65.518514,0
106_AmphBract_3.tiff,Full,396,516,483.289496,1.067683,127.075535,0.394796,0.267763,3.472667,735.879864,135.78203,612.051203,0.852,473.111293,10.178203,0,167.471987,27.164099,0,526.712669,85.338535,0,77.249404,58.532626,0
106_AmphBract_4.tiff,Full,509,427,436.028496,0.979294,89.276944,0.348007,0.189337,1.87051,656.046576,85.287398,477.324891,0.382,436.028496,0,0,151.802746,0,0,477.324891,0,0,85.287398,0,0
106_AmphBract_5.tiff,Full,307,337,339.947216,0.99133,119.414724,0.600114,0.338696,3.565369,463.751932,225.525079,661.630687,0.248,316.912789,23.034427,0,151.283838,59.28404,0,475.384383,186.246304,0,102.42835,123.096729,0
106_AmphBract_6.tiff,Full,968,1072,1152.399689,0.930233,232.050509,0.279467,0.189337,2.201524,1934.711475,142.433137,1024.660148,1.159,1151.233035,1.166653,0,323.577502,2.44067,0,1016.992556,7.667592,0,138.418349,4.014788,0
107_PoaPrat_1.tiff,Full,1752,3782,2471.857453,1.530024,1005.941161,1.35046,0.69824,11.25623,1255.751762,9406.265358,11283.301399,0.696,1832.014488,532.365288,107.477677,1204.702266,1662.545838,723.536074,3787.203994,5223.04179,2273.055615,1028.979387,4349.979185,4027.306786
107_PoaPrat_2.tiff,Full,113,199,125.817165,1.58166,33.086314,0.394818,0.34912,1.32265,163.263798,21.855829,161.123566,0.1,125.817165,0,0,51.24372,0,0,161.123566,0,0,21.855829,0,0
107_PoaPrat_3.tiff,Full,452,500,334.767876,1.493572,72.704212,0.337402,0.254022,1.949342,462.998251,51.204445,363.679677,0.142,334.767876,0,0,115.548467,0,0,363.679677,0,0,51.204445,0,0
107_PoaPrat_4.tiff,Full,664,940,575.597636,1.633085,164.158949,0.633349,0.34912,4.318374,594.517077,492.412591,1217.388628,0.512,526.291052,49.306583,0,245.292687,142.173695,0,770.736792,446.651836,0,155.921336,336.491255,0
107_PoaPrat_5.tiff,Full,1416,2037,1225.259547,1.662505,351.52976,0.722814,0.359241,6.513297,1101.621222,1559.838708,2995.401037,0.494,1105.282307,105.722133,14.255107,549.187121,323.315054,80.532946,1726.675127,1015.724199,253.001711,377.763142,822.87355,359.202016
107_PoaPrat_6.tiff,Full,2370,3494,1940.407509,1.800653,506.778581,0.631591,0.359241,5.490768,1726.12853,1704.033686,4143.480134,0.789,1804.868216,129.075227,6.464066,895.69779,388.662753,33.552601,2817.051481,1221.02005,105.408604,589.44521,977.745582,136.842894
107_PoaPrat_7.tiff,Full,1000,1197,549.588778,2.177992,90.585412,0.32389,0.189337,1.714518,634.517425,86.449168,583.8819,0.24,549.588778,0,0,185.508693,0,0,583.8819,0,0,86.449168,0,0
107_PoaPrat_8.tiff,Full,818,628,318.926699,1.969105,51.152133,0.281479,0.189337,1.314494,412.975677,36.046566,295.427729,0.182,318.926699,0,0,93.861443,0,0,295.427729,0,0,36.046566,0,0
107_PoaPrat_9.tiff,Full,2104,2750,2140.484302,1.284756,716.945412,1.283875,0.598736,7.886964,1377.378706,7760.86514,9357.66355,0.835,1634.338081,382.952615,123.193606,1001.956519,1231.75625,743.875123,3149.586452,3870.168322,2337.908776,826.311955,3350.438574,3584.114611
108_PoaPrat_1.tiff,Full,2540,2288,1167.733088,1.959352,210.034192,0.315422,0.169348,2.222592,1524.687759,184.511402,1208.499165,0.859,1167.130097,0.602991,0,382.99044,1.272544,0,1204.50135,3.997815,0,182.400288,2.111113,0
108_PoaPrat_2.tiff,Full,473,507,250.506312,2.023901,46.020429,0.306104,0.239494,0.98746,321.324436,28.728429,244.962706,0.331,250.506312,0,0,77.912188,0,0,244.962706,0,0,28.728429,0,0
108_PoaPrat_3.tiff,Full,242,410,245.152337,1.67243,62.118169,0.440424,0.189337,1.608806,310.859328,70.882986,347.496757,0.215,245.152337,0,0,110.499075,0,0,347.496757,0,0,70.882986,0,0
108_PoaPrat_4.tiff,Full,671,687,359.07186,1.913266,63.700878,0.28141,0.169348,1.139172,504.833883,43.197452,332.341793,0.209,359.07186,0,0,105.623726,0,0,332.341793,0,0,43.197452,0,0
108_PoaPrat_5.tiff,Full,683,489,273.814362,1.785881,37.069075,0.194586,0.169348,0.723455,438.853822,11.375696,170.097049,0.258,273.814362,0,0,54.095046,0,0,170.097049,0,0,11.375696,0,0
108_PoaPrat_6.tiff,Full,438,324,193.881747,1.671122,23.613365,0.177195,0.169348,0.682664,315.869497,6.415834,108.23137,0.239,193.881747,0,0,34.419874,0,0,108.23137,0,0,6.415834,0,0
108_PoaPrat_7a.tiff,Full,298,212,141.885108,1.494167,32.329912,0.330307,0.254022,0.98746,206.587833,19.078332,151.272082,0.08,141.885108,0,0,48.151399,0,0,151.272082,0,0,19.078332,0,0
108_PoaPrat_7b.tiff,Full,345,225,134.377145,1.674392,26.798498,0.29685,0.239494,1.212347,191.931148,14.827339,130.295621,0.069,134.377145,0,0,41.466368,0,0,130.295621,0,0,14.827339,0,0
108_PoaPrat_8.tiff,Full,507,517,269.547779,1.918027,66.762334,0.374212,0.189337,1.439458,373.02274,65.605599,332.905082,0.182,269.547779,0,0,105.908694,0,0,332.905082,0,0,65.605599,0,0
108_PoaPrat_9.tiff,Full,464,296,213.010897,1.3896,19.867203,0.137826,0.084674,0.542178,372.661433,3.997795,91.572958,0.124,213.010897,0,0,29.105074,0,0,91.572958,0,0,3.997795,0,0
108_PoaPrat_10.tiff,Full,303,221,160.153381,1.379927,34.790907,0.317619,0.169348,1.338814,241.970919,25.434581,166.905649,0.164,160.153381,0,0,53.127718,0,0,166.905649,0,0,25.434581,0,0
108_PoaPrat_11.tiff,Full,909,519,330.668149,1.569549,70.834716,0.354763,0.169348,1.695596,465.432949,69.562146,385.249642,0.152,330.668149,0,0,122.538724,0,0,385.249642,0,0,69.562146,0,0
108_PoaPrat_12.tiff,Full,541,297,186.170911,1.595308,31.991144,0.256729,0.169348,0.935255,288.774243,18.185595,157.603707,0.205,186.170911,0,0,50.135577,0,0,157.603707,0,0,18.185595,0,0
108_PoaPrat_13.tiff,Full,277,295,148.763054,1.983019,33.12037,0.353046,0.189337,1.197471,195.605065,28.261767,177.689766,0.128,148.763054,0,0,56.532114,0,0,177.689766,0,0,28.261767,0,0
108_PoaPrat_14.tiff,Full,223,113,130.790321,0.863978,18.184119,0.17735,0.169348,0.682664,235.998215,4.658014,74.150036,0.092,130.790321,0,0,23.586658,0,0,74.150036,0,0,4.658014,0,0
108_PoaPrat_15.tiff,Full,81,73,67.219907,1.085988,21.993015,0.43048,0.508044,1.01961,100.081806,13.2022,93.469794,0.074,67.219907,0,0,29.752359,0,0,93.469794,0,0,13.2022,0,0
108_PoaPrat_16.tiff,Full,322,402,291.382456,1.37963,74.349656,0.383165,0.239494,1.498036,416.049899,62.661131,353.741805,0.155,291.382456,0,0,112.547993,0,0,353.741805,0,0,62.661131,0,0
108_PoaPrat_17.tiff,Full,520,570,251.88659,2.262923,41.41032,0.261348,0.169348,1.060962,343.580986,23.116981,214.595983,0.172,251.88659,0,0,68.277013,0,0,214.595983,0,0,23.116981,0,0
110_AmpBract_1.tiff,Full,454,486,384.979952,1.262403,116.894579,0.514933,0.34912,3.26846,511.973011,173.170616,642.301795,0.191,370.748399,14.231553,0,167.879219,36.486036,0,527.677534,114.624261,0,98.325553,74.845063,0
110_AmpBract_2.tiff,Full,856,770,520.187688,1.480235,115.933841,0.392893,0.239494,3.146639,722.295239,159.325798,671.219444,0.571,507.794162,12.393525,0,183.151652,30.423627,0,575.6408,95.578644,0,99.471147,59.854651,0
110_AmpBract_3.tiff,Full,736,814,633.395992,1.285136,157.304728,0.45208,0.305296,3.349711,814.957155,209.855969,923.39256,0.449,620.775738,12.620254,0,262.059149,31.726048,0,823.722242,99.670318,0,146.088107,63.767862,0
110_AmpBract_4.tiff,Full,480,445,318.122989,1.39883,72.444311,0.405887,0.254022,2.673608,421.851669,91.805499,424.614223,0.486,312.241368,5.881621,0,121.859027,13.117879,0,383.403192,41.211031,0,68.704197,23.101303,0
110_AmpBract_5.tiff,Full,78,50,50.65681,0.987034,12.218939,0.308235,0.305296,0.762066,84.201388,5.388984,50.265366,0.041,50.65681,0,0,15.985182,0,0,50.265366,0,0,5.388984,0,0
110_AmpBract_6.tiff,Full,676,752,606.058131,1.240805,162.984913,0.547368,0.378674,2.982881,770.340244,256.784338,1063.982771,0.421,594.861561,11.19657,0,310.728231,27.662459,0,977.078592,86.904179,0,202.42625,54.358088,0
113_AmphBract_1.tiff,Full,3089,3176,2490.690027,1.275149,671.652706,0.476691,0.267763,3.560338,3622.944994,959.012193,3793.71907,8.964,2452.07124,38.618787,0,1109.022391,97.895103,0,3486.172534,307.546537,0,759.758812,199.25338,0
113_AmphBract_2.tiff,Full,602,647,396.859291,1.630301,90.158816,0.359053,0.239494,2.361782,558.239287,83.160507,463.300894,0.642,395.139248,1.720043,0,143.683353,3.738382,0,451.55642,11.744474,0,76.763708,6.3968,0
113_AmphBract_3.tiff,Full,262,190,183.558694,1.035091,33.132917,0.243434,0.239494,1.354784,311.120098,13.2125,142.663328,0.446,183.558694,0,0,45.383084,0,0,142.663328,0,0,13.2125,0,0
113_AmphBract_4.tiff,Full,457,452,305.701441,1.478567,71.390367,0.42399,0.267763,2.46865,379.188256,86.437839,421.982979,1.003,301.763583,3.937857,0,125.651002,8.579098,0,395.03095,26.95203,0,71.708552,14.729287,0
113_AmphBract_5.tiff,Full,314,282,220.978247,1.276144,44.905543,0.306664,0.239494,1.212347,334.099938,26.46617,215.778551,1.535,220.978247,0,0,68.627259,0,0,215.778551,0,0,26.46617,0,0
113_AmphBract_6.tiff,Full,618,587,438.214298,1.339527,90.992292,0.312903,0.239494,2.03922,657.759193,65.876632,446.246688,2.305,437.925202,0.289095,0,141.235323,0.584322,0,444.410986,1.835702,0,64.949002,0.92763,0
113_AmphBract_7.tiff,Full,1456,1340,1060.783381,1.263217,272.236605,0.429144,0.267763,2.32969,1566.594436,277.969643,1456.904103,4.627,1058.584349,2.199032,0,458.751052,4.684486,0,1442.187356,14.716748,0,270.110276,7.859367,0
301_PoaPrat_1.tiff,Full,291,347,164.889927,2.104434,30.313437,0.300648,0.254022,1.100762,210.088272,17.881408,162.7477,0.544,164.889927,0,0,51.681058,0,0,162.7477,0,0,17.881408,0,0
301_PoaPrat_2.tiff,Full,447,603,324.794699,1.856557,63.3173,0.351106,0.254022,2.163748,391.578559,57.396578,366.887165,0.494,324.139099,0.6556,0,115.21053,1.371304,0,362.579088,4.308077,0,55.14255,2.254029,0
301_PoaPrat_3.tiff,Full,346,360,386.7006,0.930953,154.86345,0.524582,0.431754,1.862828,584.017876,124.96424,655.30822,1.192,386.7006,0,0,208.556774,0,0,655.30822,0,0,124.96424,0,0
301_PoaPrat_4.tiff,Full,2188,3187,1866.825585,1.707176,543.530397,0.769117,0.34912,8.272091,1595.387257,2773.965377,4863.226409,0.748,1667.791525,174.859756,24.174303,861.979117,531.768691,153.493809,2710.410773,1670.600614,482.215022,628.172835,1363.059997,782.732545
301_PoaPrat_5.tiff,Full,531,405,356.52897,1.135953,99.081491,0.423347,0.267763,1.439458,506.169405,86.858681,487.618562,0.451,356.52897,0,0,155.156332,0,0,487.618562,0,0,86.858681,0,0
301_PoaPrat_6.tiff,Full,1358,1512,869.064877,1.739801,189.90888,0.371717,0.267763,1.864751,1079.211135,163.240984,1055.568354,0.816,869.064877,0,0,335.416738,0,0,1055.568354,0,0,163.240984,0,0
301_PoaPrat_7.tiff,Full,2400,3419,2325.439711,1.47026,753.148747,0.800122,0.478988,7.237523,1885.410209,2870.422308,6172.639743,1.256,2101.98313,203.342891,20.11369,1283.695303,562.149429,118.051574,4035.017972,1766.751814,370.869958,1021.064356,1299.545381,549.812571
301_PoaPrat_8.tiff,Full,839,1060,664.732122,1.594627,161.145888,0.516497,0.305296,2.949039,693.149579,292.641534,1130.897421,0.681,649.527548,15.204574,0,324.441923,35.189392,0,1020.346685,110.550736,0,228.146874,64.49466,0
301_PoaPrat_9.tiff,Full,956,1177,735.770353,1.599684,219.71327,0.704188,0.431754,4.391635,677.692657,732.595655,1740.25177,0.767,668.644574,67.125779,0,351.247869,202.31675,0,1104.176082,636.075688,0,232.887974,499.707681,0
301_PoaPrat_10.tiff,Full,2119,3623,2067.634273,1.752244,505.31238,0.585681,0.34912,5.361944,1931.694487,1452.450414,4067.224619,0.958,1932.90136,132.734048,1.998866,924.079309,358.944436,10.322413,2907.138601,1127.657202,32.428817,608.148595,802.419412,41.882406
301_PoaPrat_11.tiff,Full,557,537,327.989649,1.637247,86.91274,0.505833,0.305296,2.541631,374.406402,141.639822,540.794531,0.272,314.284709,13.70494,0,141.092064,30.913155,0,443.677991,97.11654,0,86.715889,54.923932,0
BU104_QuerElli_1.tiff,Full,10283,37321,9249.031353,4.035125,9094.592192,5.219476,0.119747,97.066292,9588.288931,2571253.407624,207456.788596,3.86,7367.25879,202.259024,1679.513538,1432.312324,663.538997,63930.486304,4528.673247,2084.569237,200843.546113,559.641652,1827.734987,2568866.030985
BU104_QuerElli_2.tiff,Full,13479,47645,13610.550353,3.500593,7108.216031,2.330662,0.169348,75.903103,11749.432205,867969.082083,126698.29332,4.633,10772.459861,894.951171,1943.139321,3140.638072,3000.768822,34174.793463,9904.846343,9428.836965,107364.610012,1836.30815,8438.387748,857694.386185
BU104_QuerElli_3.tiff,Full,6483,23494,5965.487433,3.93832,7758.501277,6.931587,0.119747,95.439366,5143.517247,2120900.101795,176500.504128,2.265,4289.564812,173.971107,1501.951515,900.985003,570.442688,54703.273827,2853.002388,1792.098557,171855.403183,399.875423,1573.423019,2118926.803353
BU105_AndrGera_1.tiff,Full,800,1056,702.872953,1.502405,212.554337,0.885846,0.56801,4.27918,466.401981,838.511251,2053.692848,0.692,619.114964,83.757989,0,435.673057,217.675083,0,1369.045349,684.647499,0,376.80085,461.710401,0
BU105_AndrGera_2.tiff,Full,1586,2225,1630.534765,1.364583,496.744604,1.226505,0.682664,5.3586,860.210869,3998.416886,6656.620602,1.012,1197.557224,429.828312,3.149228,793.672096,1307.796855,16.241341,2494.862389,4110.734536,51.023678,662.812834,3269.793249,65.810804
BU105_AndrGera_3.tiff,Full,923,1263,756.244014,1.670096,246.330733,0.990595,0.508044,4.065234,541.304663,1329.980357,2514.46246,0.92,599.199375,157.044639,0,349.916086,449.950694,0,1100.0454,1414.417059,0,281.979041,1048.001316,0
BU105_AndrGera_4.tiff,Full,1371,1570,1032.345607,1.520809,305.765647,0.92769,0.515052,4.065234,735.247744,1521.831521,3191.649524,0.975,849.252318,183.093289,0,512.079907,502.837949,0,1610.619567,1581.029957,0,405.352556,1116.478964,0
BU105_AndrGera_5.tiff,Full,16031,29627,10616.56757,2.790638,2338.916847,0.852472,0.239494,8.150285,7593.24115,22690.48461,33494.161357,4.095,8691.925536,1775.758805,148.883229,4054.375493,5738.156038,859.533861,12762.520482,18030.215496,2701.425378,3194.602619,15530.142189,3965.739801
BU105_AndrGera_6.tiff,Full,884,770,518.639167,1.484655,106.023541,0.392356,0.189337,2.201524,666.520091,152.838114,685.928552,0.653,515.460367,3.1788,0,211.577442,6.663971,0,664.993068,20.935483,0,141.857828,10.980285,0
BU105_AndrGera_7.tiff,Full,1095,1087,781.668383,1.390615,182.280333,0.533141,0.239494,2.710891,912.253199,448.902693,1382.779564,0.964,733.481433,48.18695,0,333.968964,105.74072,0,1049.965669,332.813895,0,265.150467,183.752226,0
BU105_AndrGera_8.tiff,Full,946,700,628.16711,1.114353,147.959041,0.51706,0.189337,2.916033,822.301456,357.855389,1054.239669,0.92,591.210557,36.956553,0,246.522423,88.98456,0,774.686428,279.553241,0,188.307587,169.547802,0
BU105_AndrGera_9.tiff,Full,122,56,147.992374,0.378398,21.044824,0.165044,0.084674,0.98746,275.226246,7.356187,80.276867,0.821,147.992374,0,0,25.55292,0,0,80.276867,0,0,7.356187,0,0
BU105_AndrGera_10.tiff,Full,372,517,421.202123,1.227439,113.628787,0.730153,0.34912,3.22429,401.457291,387.358053,1019.633058,0.515,383.163502,38.038621,0,232.476166,92.070031,0,730.386524,289.246534,0,210.150934,177.207119,0
BU105_AndrGera_11ï€¡.tiff,Full,516,477,387.118845,1.23218,78.025913,0.296527,0.189337,1.129692,578.939699,43.302253,368.126724,0.732,387.118845,0,0,117.090036,0,0,368.126724,0,0,43.302253,0,0
BU105_AndrGera_12.tiff,Full,978,625,456.299926,1.369713,81.662736,0.292521,0.169348,1.36795,677.581191,61.567348,431.018847,0.768,456.299926,0,0,137.032065,0,0,431.018847,0,0,61.567348,0,0
BU105_AndrGera_13.tiff,Full,153,123,146.707094,0.838405,28.173286,0.251618,0.119747,0.871772,243.119113,13.177213,121.468283,0.578,146.707094,0,0,38.664555,0,0,121.468283,0,0,13.177213,0,0
BU105_AsteAzur_1.tiff,Full,66899,156916,37106.377803,4.228815,7315.887812,0.609247,0.119747,44.108572,42887.937568,277239.790747,91345.998341,19.749,34650.720623,1369.532157,1086.125024,9039.082186,4126.451671,15870.239044,28520.216815,12967.955133,49857.826393,5292.36671,10456.548157,261490.875881
BU105_AsteAzur_2.tiff,Full,55987,125071,24798.253243,5.043541,2998.235898,0.367777,0.084674,19.49342,31414.255706,39132.949195,35419.76051,13.435,23597.630175,737.350015,463.273053,4954.662419,2323.945244,3958.070348,15680.383737,7304.732044,12434.644729,2572.768748,6173.587233,30386.593214
BU105_AsteAzur_3.tiff,Full,93312,247075,50161.304462,4.92561,8338.218878,0.463244,0.084674,47.114675,55574.388734,263533.043984,94437.862201,33.215,47676.218956,1550.295002,934.790504,11246.741135,4689.175176,14049.045703,35565.099879,14736.383551,44136.378772,5958.248522,11937.72123,245637.074232
BU105_PaniPerl_1.tiff,Full,3401,6425,3035.006425,2.116964,710.429959,0.842288,0.378674,6.113557,2125.886289,5166.645081,9036.032191,1.095,2569.031058,444.37584,21.599526,1376.39602,1377.560999,119.726149,4329.870938,4330.030463,376.13079,1072.705379,3570.878033,523.061669
BU105_PaniPerl_2.tiff,Full,1533,2751,1598.513646,1.720974,406.109004,0.935152,0.542178,4.004821,956.840052,2350.44456,4967.463268,0.685,1326.190106,272.323541,0,832.417378,746.836707,0,2618.058974,2349.404295,0,693.534623,1656.909937,0
BU105_PaniPerl_3.tiff,Full,8306,19165,5499.953868,3.484575,1135.042133,0.893738,0.169348,12.264,4600.883174,23733.163274,19860.509902,1.506,4545.989339,561.148801,392.815728,1622.588872,1791.381837,2900.719661,5116.158755,5629.84039,9114.510757,1167.521854,4816.376778,17749.264643
BU105_PaniPerl_4.tiff,Full,1828,2286,1135.544738,2.013131,234.10104,0.441396,0.267763,2.279917,1169.881236,342.514854,1652.940038,0.577,1132.717916,2.826823,0,519.210975,5.933162,0,1634.300462,18.639577,0,332.721623,9.793231,0
BU105_PaniPerl_5.tiff,Full,1178,1611,1011.73183,1.592319,265.789264,0.680325,0.378674,2.701618,881.260478,748.907533,2300.706964,0.648,966.719337,45.012493,0,633.611961,97.99642,0,1992.571605,308.135359,0,580.381323,168.52621,0
BU106_AndrGera_1.tiff,Full,3454,7449,2971.033082,2.507209,763.34225,0.894637,0.34912,7.011601,1933.232706,6377.065506,9543.494042,1.363,2471.928048,434.137195,64.967838,1284.758412,1380.157955,370.151897,4043.206427,4337.421134,1162.86648,1008.216213,3700.839952,1668.009342
BU106_AndrGera_2.tiff,Full,901,1437,814.023588,1.765305,175.924406,0.665755,0.431754,2.83879,561.067497,535.82529,1792.03014,0.648,795.866943,18.156645,0,528.429696,40.954632,0,1663.098725,128.931414,0,462.197263,73.628027,0
BU106_AndrGera_3.tiff,Full,921,1240,632.223572,1.961331,135.734724,0.534906,0.338696,2.303382,539.305923,273.726027,1121.380965,0.43,627.640387,4.583185,0,346.706287,9.851995,0,1090.430009,30.950956,0,257.066295,16.659733,0
BU106_AndrGera_4.tiff,Full,816,900,464.399663,1.937986,97.954058,0.412629,0.305296,1.915954,502.23258,106.712833,629.346271,0.382,464.399663,0,0,199.965369,0,0,629.346271,0,0,106.712833,0,0
BU106_AndrGera_5.tiff,Full,693,1097,583.548393,1.879878,124.446052,0.626571,0.478988,2.143775,379.441726,304.04448,1197.666517,0.296,581.461845,2.086548,0,376.615287,4.325509,0,1184.077531,13.588986,0,296.999488,7.044992,0
BU106_AndrGera_6.tiff,Full,2127,3362,1483.345251,2.266499,301.813357,0.535406,0.267763,3.545203,1307.325281,867.449468,2678.749638,0.782,1402.393023,80.952228,0,645.812694,205.727991,0,2032.117552,646.632086,0,447.921301,419.528167,0
BU106_AndrGera_7.tiff,Full,1043,1185,847.06628,1.398946,233.988117,0.646257,0.508044,2.792959,734.530722,471.513483,1794.6534,1.061,837.093228,9.973052,0,548.560376,22.495798,0,1723.980766,70.672634,0,431.309285,40.204198,0
BU106_UrtiDioi_1.tiff,Full,1369,2057,1260.536638,1.631845,309.590675,0.954619,0.508044,5.242272,863.752952,2089.926103,3967.738918,0.75,1030.155712,229.174945,1.205981,593.734735,661.901587,6.182141,1867.355225,2080.961923,19.42177,481.077036,1583.954531,24.894536
BU106_UrtiDioi_2.tiff,Full,1019,1244,591.110036,2.104515,93.641491,0.314754,0.189337,1.67646,733.973681,93.562152,604.267573,0.372,591.110036,0,0,192.035473,0,0,604.267573,0,0,93.562152,0,0
BU106_UrtiDioi_3.tiff,Full,1478,2071,1167.079552,1.774515,272.161324,0.756622,0.378674,4.254816,898.791877,1305.324595,3006.031944,0.751,1013.028628,154.050924,0,550.643599,405.290625,0,1731.783561,1274.248382,0,436.330254,868.994341,0
BU106_UrtiDioi_4.tiff,Full,2753,4443,1924.99246,2.308061,404.65535,0.675794,0.267763,5.072673,1708.194442,2241.275715,4461.355824,0.901,1702.612962,222.217414,0.162084,738.004571,679.864325,0.815475,2322.147468,2136.646467,2.561889,512.356733,1725.696553,3.222429
BU106_UrtiDioi_5.tiff,Full,4747,7821,3810.780702,2.052335,920.949898,0.893823,0.34912,9.187422,2861.793999,8780.11649,12145.103979,2.206,3197.701972,514.240206,98.838524,1592.799577,1650.594854,620.213848,5010.848165,5185.796545,1948.459268,1195.048674,4435.662344,3149.405471
BU107_AmphBract_1.tiff,Full,4846,6807,3475.561742,1.958532,941.482089,0.730244,0.478988,5.81976,2643.946308,3427.666464,8608.238006,1.899,3177.316082,291.092682,7.152977,1908.708033,790.600001,37.783891,6002.547479,2485.206697,120.483831,1488.00705,1777.903928,161.755485
BU107_AmphBract_2.tiff,Full,2708,4914,2144.958874,2.290953,469.232722,0.566805,0.34912,5.030805,1843.462463,1413.899706,4147.904454,1.566,2033.97741,110.812116,0.169348,1003.415384,314.108541,0.637638,3157.311502,987.922716,2.670236,669.926034,740.623168,3.350504
BU107_AmphBract_3.tiff,Full,3277,5655,2981.616868,1.896622,737.57081,0.86363,0.378674,11.385741,2492.149178,7839.366965,9125.642507,1.486,2631.923903,240.49051,109.202454,1345.471501,749.580343,807.390621,4232.522969,2355.536062,2537.583476,938.045405,1961.636901,4939.684659
BU107_AmphBract_4.tiff,Full,4036,9601,2902.520336,3.307815,536.910983,0.42432,0.169348,5.903545,3065.049113,1563.958663,4351.190788,1.363,2797.064437,98.28113,7.174769,1044.34723,298.755345,38.700995,3290.050877,939.557148,121.582763,629.14509,770.403614,164.40996
BU107_AmphBract_5.tiff,Full,2042,2508,1261.196951,1.988587,198.376281,0.296035,0.189337,2.103259,1615.708893,171.451814,1201.777608,1.251,1260.865519,0.331432,0,381.435114,0.679457,0,1199.643031,2.134577,0,170.357677,1.094137,0
BU107_AmphBract_6.tiff,Full,943,1055,681.325646,1.548452,184.257375,0.508846,0.378674,3.471634,767.577049,275.426714,1145.619847,0.464,668.885012,12.440633,0,332.27553,32.15809,0,1044.592228,101.027619,0,208.197458,67.229255,0
BU107_SorgNuta_1.tiff,Full,2187,1552,916.428552,1.693531,189.421342,0.429244,0.169348,2.54022,1206.850288,390.19848,1333.442672,0.8,894.981656,21.446896,0,377.411102,46.703403,0,1186.393002,147.049669,0,309.549629,80.648851,0
BU107_SorgNuta_2.tiff,Full,279,478,313.244086,1.525967,48.176713,0.25077,0.169348,1.354784,457.992514,25.354449,245.528111,0.158,313.244086,0,0,78.068023,0,0,245.528111,0,0,25.354449,0,0
BU107_SorgNuta_3.tiff,Full,154,188,158.205577,1.188327,30.254287,0.300611,0.254022,1.575028,233.629408,18.598652,150.32717,0.098,158.205577,0,0,47.850624,0,0,150.32717,0,0,18.598652,0,0
BU107_SorgNuta_4.tiff,Full,109,131,96.751496,1.353984,24.905701,0.39164,0.254022,1.439458,135.635095,21.427821,123.248989,0.186,96.751496,0,0,39.152801,0,0,123.248989,0,0,21.427821,0,0
BU107_SorgNuta_5.tiff,Full,2791,2785,1419.581935,1.961845,365.641497,0.520129,0.267763,2.46865,1480.041771,670.84852,2533.059419,1.887,1401.093341,18.488593,0,765.602638,40.181672,0,2406.824972,126.234447,0,602.089383,68.759137,0
BU107_SorgNuta_6.tiff,Full,565,922,389.795847,2.365341,76.163586,0.420956,0.305296,2.272042,386.490516,101.147974,538.662864,0.321,387.264137,2.53171,0,165.788024,5.37293,0,521.783307,16.879556,0,92.183837,8.964138,0
BU107_SorgNuta_8.tiff,Full,18859,29965,6553.802283,4.572155,855.768479,0.395811,0.084674,11.879133,7879.091244,9503.23496,10294.576361,1.726,6164.191203,252.564461,137.046618,1462.705806,754.968895,1050.650274,4621.470145,2372.391033,3300.715182,860.767424,1915.937398,6726.530138
BU107_SorgNuta_9.tiff,Full,1823,2625,1045.213563,2.511448,255.248032,0.753147,0.254022,6.654321,902.002793,1782.864501,2815.675315,0.471,901.677134,123.749916,19.786513,401.210082,380.78969,113.388648,1262.316946,1197.137425,356.220945,286.149088,983.036717,513.678695
BU107_SorgNuta_10.tiff,Full,1761,3142,1380.389655,2.276169,353.59463,1.082707,0.378674,6.767567,892.101274,4167.659433,5327.952102,0.49,1081.535201,238.646929,60.207525,571.681567,776.602285,346.45096,1798.284687,2440.443761,1089.223654,463.618467,2126.51162,1577.529345
BU107_SorgNuta_11a.tiff,Full,428,368,164.024227,2.243571,24.5275,0.236114,0.169348,0.946684,235.374252,11.801584,126.121247,0.099,164.024227,0,0,40.037333,0,0,126.121247,0,0,11.801584,0,0
BU107_SorgNuta_11b.tiff,Full,609,644,266.640021,2.415241,43.039632,0.283969,0.239494,0.965432,317.201545,26.147094,247.815414,0.222,266.640021,0,0,78.555561,0,0,247.815414,0,0,26.147094,0,0
BU107_SorgNuta_11c.tiff,Full,145,173,106.684918,1.621598,29.173457,0.485592,0.34912,1.606576,120.554007,32.789746,167.639119,0.198,106.684918,0,0,53.361189,0,0,167.639119,0,0,32.789746,0,0
BU107_SorgNuta_11d.tiff,Full,277,189,81.41441,2.321456,10.517931,0.195892,0.169348,1.060962,124.926539,4.354761,52.69601,0.143,81.41441,0,0,16.707925,0,0,52.69601,0,0,4.354761,0,0
BU107_SorgNuta_11e.tiff,Full,274,220,68.245324,3.223664,7.39374,0.181982,0.119747,0.616436,96.715996,2.896292,41.352637,0.088,68.245324,0,0,13.115182,0,0,41.352637,0,0,2.896292,0,0
BU107_SorgNuta_11f.tiff,Full,308,116,68.118526,1.702914,7.05318,0.14622,0.084674,0.644858,121.638479,1.759982,31.858548,0.076,68.118526,0,0,10.135821,0,0,31.858548,0,0,1.759982,0,0
BU107_SorgNuta_12a.tiff,Full,354,392,209.545494,1.870715,43.688489,0.448975,0.267763,1.635327,213.246741,60.03604,307.426766,0.109,209.545494,0,0,97.741347,0,0,307.426766,0,0,60.03604,0,0
BU107_SorgNuta_12b.tiff,Full,329,455,207.836115,2.189225,40.049872,0.399108,0.239494,2.303382,233.886527,58.75425,277.633244,0.088,206.168681,1.667433,0,84.79334,3.546862,0,266.490447,11.142797,0,52.817689,5.936561,0
BU107_SorgNuta_12c.tiff,Full,183,141,96.380434,1.462953,25.832383,0.389603,0.42337,0.803288,125.683016,15.497517,123.755117,0.077,96.380434,0,0,39.307313,0,0,123.755117,0,0,15.497517,0,0
BU107_SorgNuta_12d.tiff,Full,755,845,295.393771,2.860588,42.10578,0.223076,0.169348,0.957977,416.446331,19.003939,217.75711,0.14,295.393771,0,0,69.220832,0,0,217.75711,0,0,19.003939,0,0
BU107_SorgNuta_12e.tiff,Full,343,445,193.147276,2.303941,37.93123,0.414011,0.254022,1.857046,206.095526,57.063511,267.944925,0.08,193.147276,0,0,85.208793,0,0,267.944925,0,0,57.063511,0,0
BU107_SorgNuta_12f.tiff,Full,222,222,88.013054,2.522353,13.319486,0.254133,0.189337,1.01961,115.464629,8.221007,74.676579,0.048,88.013054,0,0,23.703899,0,0,74.676579,0,0,8.221007,0,0
BU107_SorgNuta_13a.tiff,Full,395,387,181.216361,2.135569,32.944712,0.346932,0.189337,1.48119,209.832915,31.79529,207.507033,0.041,181.216361,0,0,65.925747,0,0,207.507033,0,0,31.79529,0,0
BU107_SorgNuta_13b.tiff,Full,113,129,87.919353,1.467254,29.047987,0.501846,0.508044,1.129692,105.077447,24.310084,145.085614,0.081,87.919353,0,0,46.14517,0,0,145.085614,0,0,24.310084,0,0
BU107_SorgNuta_13c.tiff,Full,457,624,328.362954,1.900336,74.908891,0.473182,0.305296,1.874339,328.313958,105.200636,505.150754,0.108,328.362954,0,0,160.665678,0,0,505.150754,0,0,105.200636,0,0
BU107_SorgNuta_13d.tiff,Full,145,187,150.369404,1.243604,58.463421,0.653331,0.677392,1.608806,159.201333,71.710511,315.056826,0.638,150.369404,0,0,100.160031,0,0,315.056826,0,0,71.710511,0,0
BU107_SorgNuta_13e.tiff,Full,360,276,135.566622,2.035899,21.747454,0.232176,0.169348,0.850963,206.02198,9.457291,103.840889,0.173,135.566622,0,0,32.995091,0,0,103.840889,0,0,9.457291,0,0
BU107_SorgNuta_13f.tiff,Full,113,127,118.205354,1.074401,55.394795,0.697813,0.780656,1.526482,149.784164,65.536381,265.732572,0.105,118.205354,0,0,84.515847,0,0,265.732572,0,0,65.536381,0,0
BU107_SorgNuta_13g.tiff,Full,108,193,62.254442,3.10018,9.634267,0.264246,0.254022,0.661325,71.655838,4.833614,53.813925,0.301,62.254442,0,0,17.052967,0,0,53.813925,0,0,4.833614,0,0
BU107_SorgNuta_14.tiff,Full,400,709,379.409609,1.868693,89.25902,0.606479,0.42337,3.0353,301.0344,215.935868,757.754165,0.126,366.675626,12.733984,0,209.853471,31.196421,0,659.747719,98.006447,0,154.928229,61.007639,0
BU108_AmphBract_1 1.tiff,Full,1910,2532,1700.383732,1.489076,474.959509,0.706988,0.431754,5.810513,1566.116437,1675.506661,4053.499325,2.698,1574.584443,116.489102,9.310188,900.020147,338.976966,50.205256,2830.267562,1065.5073,157.724463,632.77815,829.743286,212.985225
BU108_AmphBract_1.tiff,Full,2192,3156,1869.82649,1.687857,484.835753,0.660974,0.42337,5.808661,1694.49953,1668.593443,4170.37295,5.398,1736.959628,126.494734,6.372128,921.945545,370.082716,34.344677,2899.522745,1162.953219,107.896985,615.745324,907.201182,145.646937
BU108_AmphBract_2 1.tiff,Full,1579,2403,1633.16429,1.471377,478.671615,0.487826,0.378674,2.201524,1956.497223,488.467624,2592.993416,2.303,1630.968267,2.196023,0,820.278737,4.475857,0,2578.661572,14.331844,0,481.01887,7.448754,0
BU108_AmphBract_2.tiff,Full,1392,2253,1294.334856,1.740662,372.958163,0.584986,0.455983,2.390448,1179.304172,561.726787,2480.225811,1.213,1291.881802,2.453054,0,783.407321,5.352687,0,2463.40985,16.815961,0,552.52894,9.197847,0
BU108_AmphBract_3 1.tiff,Full,844,1363,791.190448,1.72272,237.169666,0.487283,0.431754,1.617695,881.228628,216.47889,1263.799826,2.73,791.190448,0,0,402.031893,0,0,1263.799826,0,0,216.47889,0,0
BU108_AmphBract_3.tiff,Full,1027,2067,989.211037,2.089544,256.895267,0.449622,0.378674,1.695596,1068.889771,249.676164,1465.531665,1.733,989.211037,0,0,465.698986,0,0,1465.531665,0,0,249.676164,0,0
BU108_AmphBract_4 1.tiff,Full,723,907,756.443878,1.199031,274.853541,0.55,0.49373,1.737365,951.607254,251.26285,1344.883822,0.96,756.443878,0,0,427.923838,0,0,1344.883822,0,0,251.26285,0,0
BU108_AmphBract_4.tiff,Full,2363,3273,2058.880041,1.589699,564.044664,0.474147,0.378674,2.01979,2380.013265,583.819544,3181.098495,3.326,2058.777831,0.102211,0,1011.374943,0.206444,0,3180.449932,0.648563,0,583.492054,0.32749,0
BU108_AmphBract_5.tiff,Full,285,262,258.081715,1.015182,88.585069,0.469065,0.42337,1.409256,377.80205,61.014125,390.724209,1.122,258.081715,0,0,124.317128,0,0,390.724209,0,0,61.014125,0,0
BU108_AmphBract_6.tiff,Full,717,851,658.627526,1.292081,233.903873,0.748825,0.661325,2.700291,565.337981,436.630655,1612.855262,1.618,649.934857,8.692669,0,493.101945,20.101822,0,1549.703524,63.151737,0,399.857642,36.773013,0
BU108_AmphBract_7.tiff,Full,241,262,199.51029,1.313215,74.985965,0.585229,0.538852,1.325358,235.602138,75.043287,380.645968,0.868,199.51029,0,0,121.163375,0,0,380.645968,0,0,75.043287,0,0
BU108_AmphBract_9.tiff,Full,255,550,247.928954,2.218377,58.395309,0.451385,0.42337,1.27011,219.474019,57.949627,359.19901,1.096,247.928954,0,0,114.117612,0,0,359.19901,0,0,57.949627,0,0
BU108_AmphBract_10a.tiff,Full,63,147,89.145666,1.648987,32.530663,0.574125,0.598736,1.714518,101.016619,34.256463,166.354118,0.107,89.145666,0,0,52.95216,0,0,166.354118,0,0,34.256463,0,0
BU108_AmphBract_10b.tiff,Full,122,144,101.804127,1.414481,36.6138,0.694893,0.610593,1.880068,94.091957,62.241475,233.643719,0.101,101.804127,0,0,74.35818,0,0,233.643719,0,0,62.241475,0,0
BU108_AmphBract_10c.tiff,Full,84,194,62.315348,3.113198,10.130768,0.286738,0.267763,0.911967,72.044437,5.940718,58.777158,0.014,62.315348,0,0,18.668077,0,0,58.777158,0,0,5.940718,0,0
BU108_AmphBract_10d.tiff,Full,288,544,261.414908,2.080983,45.694209,0.401383,0.239494,3.336843,285.426486,91.465032,342.904123,0.049,253.258608,8.1563,0,87.955315,21.078485,0,276.68411,66.220013,0,47.699641,43.765391,0
BU108_AndrGera_1.tiff,Full,367,441,359.99455,1.225019,111.710895,0.535042,0.34912,1.902812,438.47683,137.094116,627.345209,0.149,359.99455,0,0,199.624219,0,0,627.345209,0,0,137.094116,0,0
BU108_AndrGera_2.tiff,Full,685,814,407.236841,1.998837,75.401807,0.323932,0.239494,1.500427,511.212154,57.622445,425.591465,0.172,407.236841,0,0,135.217235,0,0,425.591465,0,0,57.622445,0,0
BU108_AndrGera_3.tiff,Full,451,705,380.519737,1.852729,70.917168,0.357193,0.254022,1.533512,439.252391,61.600594,434.13526,0.185,380.519737,0,0,137.889588,0,0,434.13526,0,0,61.600594,0,0
BU108_AndrGera_4.tiff,Full,677,1888,641.887146,2.941327,119.242652,0.400735,0.254022,2.061947,591.693101,160.024375,860.168827,0.181,641.393629,0.493516,0,272.034292,1.000386,0,857.026023,3.142804,0,158.431595,1.59278,0
BU108_AndrGera_5.tiff,Full,319,391,267.618543,1.461035,38.329147,0.215721,0.169348,0.871772,417.759972,13.800272,180.739979,0.157,267.618543,0,0,57.451821,0,0,180.739979,0,0,13.800272,0,0
BU108_AndrGera_6.tiff,Full,388,490,367.529113,1.333228,117.708339,0.757508,0.56801,2.384442,295.978583,274.632437,911.662403,0.174,358.933669,8.595444,0,271.231815,18.690565,0,852.944262,58.718141,0,242.639109,31.993328,0
BU108_AndrGera_7.tiff,Full,241,241,159.417701,1.511752,41.933708,0.395397,0.42337,1.357428,203.387544,26.545529,205.623122,0.147,159.417701,0,0,65.419595,0,0,205.623122,0,0,26.545529,0,0
BU108_AndrGera_8.tiff,Full,464,529,193.714892,2.730817,30.327777,0.242933,0.189337,0.766756,260.999407,13.477687,156.168936,0.158,193.714892,0,0,49.5863,0,0,156.168936,0,0,13.477687,0,0
BU108_AndrGera_9.tiff,Full,249,251,149.614299,1.677647,37.049358,0.398113,0.378674,1.016088,178.055916,27.065596,195.771274,0.083,149.614299,0,0,62.269704,0,0,195.771274,0,0,27.065596,0,0
BU108_AndrGera_10.tiff,Full,464,533,298.061982,1.788219,64.803217,0.458848,0.431754,1.176329,268.023949,71.997435,443.522495,0.107,298.061982,0,0,140.899837,0,0,443.522495,0,0,71.997435,0,0
BU108_AndrGera_11.tiff,Full,434,425,262.819543,1.617079,54.699336,0.380917,0.267763,1.28135,311.574588,48.980242,323.962279,0.108,262.819543,0,0,102.970141,0,0,323.962279,0,0,48.980242,0,0
BU110_PoaPrat_1.tiff,Full,5208,4836,3033.411575,1.594245,586.546727,0.334466,0.189337,2.208028,4073.775166,545.483292,3327.986564,1.963,3032.509217,0.902359,0,1056.314674,1.902025,0,3322.011178,5.975386,0,542.332751,3.15054,0
BU110_PoaPrat_2a.tiff,Full,1464,2385,1221.569731,1.952406,264.921732,0.472719,0.254022,3.717951,1294.95104,525.307514,1909.182495,0.728,1187.730039,33.839691,0,522.228837,84.839983,0,1642.649828,266.532667,0,353.587357,171.720157,0
BU110_PoaPrat_2b.tiff,Full,771,2205,461.811141,4.774679,39.132152,0.183406,0.119747,1.388757,555.820002,24.753539,279.603523,0.223,461.811141,0,0,88.308529,0,0,279.603523,0,0,24.753539,0,0
BU110_PoaPrat_2c.tiff,Full,507,1356,318.480468,4.257718,31.245497,0.196184,0.084674,0.98746,414.251481,19.131255,206.876361,0.186,318.480468,0,0,65.473385,0,0,206.876361,0,0,19.131255,0,0
BU110_PoaPrat_2d.tiff,Full,107,123,130.900135,0.939648,26.386241,0.282306,0.169348,0.98746,204.41355,14.248477,120.334717,0.125,130.900135,0,0,38.278381,0,0,120.334717,0,0,14.248477,0,0
BU110_PoaPrat_2e.tiff,Full,400,652,355.077993,1.836216,78.53496,0.453042,0.34912,1.79421,346.727722,91.956398,517.971196,0.129,355.077993,0,0,164.485815,0,0,517.971196,0,0,91.956398,0,0
BU110_PoaPrat_2f.tiff,Full,206,262,152.775652,1.714933,36.586913,0.407401,0.305296,1.365327,180.289593,32.405382,203.092271,0.073,152.775652,0,0,64.598974,0,0,203.092271,0,0,32.405382,0,0
BU110_PoaPrat_3a.tiff,Full,189,313,148.024667,2.114512,29.834861,0.344252,0.267763,1.232872,176.360548,21.215932,165.886952,0.06,148.024667,0,0,52.775751,0,0,165.886952,0,0,21.215932,0,0
BU110_PoaPrat_3b.tiff,Full,156,292,148.665437,1.964142,25.966814,0.308305,0.254022,1.016088,178.986475,16.573552,145.957518,0.035,148.665437,0,0,46.364454,0,0,145.957518,0,0,16.573552,0,0
BU110_PoaPrat_3c.tiff,Full,486,682,392.324246,1.738358,82.766868,0.399503,0.267763,1.831779,455.208545,86.852629,508.059381,0.212,392.324246,0,0,161.581209,0,0,508.059381,0,0,86.852629,0,0
BU110_PoaPrat_3d.tiff,Full,335,457,299.891375,1.523885,56.109972,0.33107,0.189337,1.478768,389.165335,51.016191,322.07188,0.143,299.891375,0,0,102.434355,0,0,322.07188,0,0,51.016191,0,0
BU110_PoaPrat_3e.tiff,Full,160,206,127.812719,1.611733,33.91262,0.492152,0.42337,1.439458,132.373169,38.40339,206.090573,0.04,127.812719,0,0,65.474449,0,0,206.090573,0,0,38.40339,0,0
BU110_PoaPrat_3f.tiff,Full,211,337,183.293455,1.838582,34.163559,0.31248,0.239494,1.212347,236.491606,22.648532,183.54568,0.044,183.293455,0,0,58.338968,0,0,183.54568,0,0,22.648532,0,0
BU110_PoaPrat_3g.tiff,Full,137,233,111.410158,2.091371,21.559249,0.307087,0.267763,1.129692,141.860913,11.922152,110.464424,0.038,111.410158,0,0,35.143639,0,0,110.464424,0,0,11.922152,0,0
BU110_PoaPrat_3h.tiff,Full,778,1272,666.196683,1.909346,129.344741,0.437682,0.267763,2.352658,694.246868,203.47524,951.192835,0.267,661.817919,4.378764,0,293.122138,9.436511,0,921.54716,29.645675,0,187.467891,16.007349,0
BU110_PoaPrat_3i.tiff,Full,344,326,310.694486,1.049262,60.234334,0.325277,0.239494,1.849308,442.869627,50.065377,328.014123,0.283,310.694486,0,0,104.299505,0,0,328.014123,0,0,50.065377,0,0
BU110_PoaPrat_3j.tiff,Full,562,778,445.405357,1.746723,88.352055,0.343304,0.254022,1.441946,555.961172,68.435154,493.301306,0.271,445.405357,0,0,156.751753,0,0,493.301306,0,0,68.435154,0,0
BU110_PoaPrat_3k.tiff,Full,146,288,156.968261,1.834766,33.036126,0.334636,0.267763,1.317218,201.626712,20.473335,169.078108,0.075,156.968261,0,0,53.772783,0,0,169.078108,0,0,20.473335,0,0
BU110_PoaPrat_4a.tiff,Full,127,153,93.663174,1.633513,24.1726,0.537132,0.34912,1.858975,90.36411,39.889198,168.087021,0.023,93.663174,0,0,53.402789,0,0,168.087021,0,0,39.889198,0,0
BU110_PoaPrat_4b.tiff,Full,160,270,143.606272,1.880141,33.073767,0.462608,0.34912,1.617695,146.744284,40.872697,215.928273,0.032,143.606272,0,0,68.610447,0,0,215.928273,0,0,40.872697,0,0
BU110_PoaPrat_4c.tiff,Full,188,273,131.096009,2.082443,23.159882,0.303596,0.254022,1.27011,161.216364,15.079325,128.864372,0.029,131.096009,0,0,40.932612,0,0,128.864372,0,0,15.079325,0,0
BU110_PoaPrat_4d.tiff,Full,509,913,481.679908,1.89545,94.331574,0.403119,0.267763,2.54022,514.260972,121.646011,630.548075,0.115,477.706978,3.972931,0,191.650155,8.762584,0,603.019605,27.52847,0,106.395745,15.250266,0
BU110_PoaPrat_4e.tiff,Full,544,1114,568.033751,1.961151,125.605749,0.575203,0.338696,4.264074,508.753865,366.444906,1080.677302,0.173,537.795714,30.238037,0,262.464153,81.261772,0,825.385917,255.291385,0,186.355342,180.089564,0
BU110_PoaPrat_4f.tiff,Full,570,906,488.899131,1.853143,109.348483,0.438776,0.338696,2.198265,520.764934,132.651816,693.460857,0.181,487.24197,1.657161,0,217.104259,3.461552,0,682.58607,10.874787,0,126.969229,5.682587,0
BU110_PoaPrat_4g.tiff,Full,229,271,170.055255,1.5936,40.035533,0.472973,0.34912,1.796207,182.485099,52.338058,260.339403,0.081,170.055255,0,0,82.8468,0,0,260.339403,0,0,52.338058,0,0
BU110_PoaPrat_4h.tiff,Full,375,489,282.65902,1.73,67.190723,0.438364,0.343908,1.780169,311.058816,69.710511,403.911126,0.083,282.65902,0,0,128.436735,0,0,403.911126,0,0,69.710511,0,0
BU110_PoaPrat_4i.tiff,Full,549,866,516.692447,1.676045,100.400714,0.380222,0.254022,1.97492,600.920826,109.779489,633.888886,0.245,516.692447,0,0,201.632344,0,0,633.888886,0,0,109.779489,0,0
BU110_PoaPrat_4j.tiff,Full,346,486,270.221521,1.798524,56.047237,0.419121,0.267763,1.635327,291.714367,65.148979,364.816998,0.084,270.221521,0,0,115.966013,0,0,364.816998,0,0,65.148979,0,0
BU110_PoaPrat_4k.tiff,Full,380,534,332.273607,1.607109,75.885761,0.483425,0.305296,2.292462,356.060646,117.832475,519.301675,0.108,328.416168,3.857439,0,156.927439,8.287657,0,493.265231,26.036444,0,103.824098,14.008377,0
BU110_PoaPrat_4l.tiff,Full,1800,3084,1648.147709,1.871192,330.311071,0.417131,0.267763,2.579432,1765.262375,443.081207,2220.656736,0.741,1634.644396,13.503314,0,676.136611,30.023005,0,2126.336684,94.320052,0,390.441477,52.63973,0
BU110_PoaPrat_4m.tiff,Full,899,1375,814.69952,1.687739,165.933447,0.43924,0.254022,2.478794,893.243096,251.544191,1161.248249,0.329,809.228504,5.471016,0,357.437347,11.977863,0,1123.618681,37.629567,0,230.89314,20.651051,0
BU110_PoaPrat_4n.tiff,Full,1001,1324,822.741861,1.609253,157.173881,0.359882,0.239494,2.856415,1042.539835,177.591036,950.752216,0.484,815.419536,7.322325,0,284.693626,17.643634,0,895.323106,55.42911,0,143.811696,33.779339,0
BU110_PoaPrat_4o.tiff,Full,400,570,310.907557,1.833342,67.061669,0.459706,0.305296,2.341967,323.796877,101.982873,467.527537,0.091,307.181385,3.726172,0,140.643426,8.13777,0,441.961979,25.565559,0,87.998338,13.984535,0
BU110_PoaPrat_4p.tiff,Full,610,1171,622.077219,1.882403,125.439054,0.429525,0.267763,2.272042,635.709181,169.437243,861.572475,0.161,620.212628,1.864591,0,269.849951,3.941391,0,849.190231,12.382244,0,162.881696,6.555546,0
BU111_AmphBract_1.tiff,Full,110,110,112.192467,0.980458,48.666044,0.622993,0.677392,1.695596,145.120773,41.60643,225.29808,0.144,112.192467,0,0,71.689258,0,0,225.29808,0,0,41.60643,0,0
BU111_AmphBract_2.tiff,Full,1072,1472,996.395401,1.477325,278.165937,0.650208,0.431754,3.88579,900.010144,653.372795,2148.361642,0.483,947.313481,49.081919,0,561.050446,122.30399,0,1763.500641,384.861001,0,406.040308,247.332487,0
BU111_AmphBract_3.tiff,Full,280,296,177.941029,1.663472,53.494828,0.471796,0.455983,1.203444,207.620388,46.299248,279.022603,0.15,177.941029,0,0,88.781644,0,0,279.022603,0,0,46.299248,0,0
BU111_AmphBract_4.tiff,Full,1761,2958,1548.599692,1.910113,353.055111,0.647609,0.359241,5.565988,1320.485732,1404.847111,3390.890602,0.721,1449.964947,91.039098,7.595646,765.554124,272.49998,39.773421,2409.20137,856.737346,124.951886,550.161945,690.995503,163.689663
BU111_AmphBract_5.tiff,Full,3159,5322,2846.786809,1.869476,726.662131,0.560817,0.378674,5.026527,2799.260564,1681.063924,5321.810681,1.461,2737.291911,109.392687,0.102211,1364.23321,327.229298,0.513764,4291.882454,1028.314189,1.614038,860.246037,818.789636,2.028251
BU111_AmphBract_6.tiff,Full,5149,8871,3155.09181,2.811646,619.206445,0.51467,0.189337,7.428184,3134.734786,2840.790973,5852.349872,1.051,2982.588435,140.332061,32.171314,1239.135674,425.277231,195.298836,3902.138003,1336.66248,613.54939,814.795374,1083.907885,942.087714
BU111_Amphicarpa_bracteata_1.tiff,Full,2088,3118,2020.107931,1.543482,510.356255,0.570477,0.34912,5.33715,2128.492288,1219.600608,3763.989298,1.261,1936.610711,81.99187,1.505349,944.855328,244.362692,7.74278,2971.344314,768.320324,24.32466,578.291908,610.018313,31.290388
BU111_PoaPrat_1.tiff,Full,1431,2480,1473.605551,1.682947,419.674052,0.914758,0.535525,6.462463,969.548704,2400.438753,4532.935824,0.524,1274.790226,182.857195,15.95813,813.447855,540.541613,88.223777,2557.295553,1698.477099,277.163171,674.017791,1341.673002,384.74796
BU111_PoaPrat_2.tiff,Full,27665,65910,15128.684359,4.356625,2281.803119,0.410894,0.119747,10.968798,15923.819931,13614.265773,23799.71566,4.453,14163.253937,831.074589,134.355833,4251.228491,2396.147661,907.419542,13418.112334,7530.860758,2850.742568,2764.826864,5805.38884,5044.050069
BU111_PoaPrat_3.tiff,Full,7601,5189,2477.392833,2.094541,529.153382,0.551879,0.239494,6.559366,2505.841567,1955.862305,4803.487959,0.917,2325.180453,145.554166,6.658215,1075.146998,414.390757,37.960724,3381.713791,1302.517035,119.257132,796.53551,988.244132,171.082663
BU111_PoaPrat_4.tiff,Full,3431,6160,3153.043219,1.953668,772.84567,0.758925,0.378674,7.961158,2502.09622,4854.158864,8263.111692,1.244,2827.959926,260.266964,64.816329,1458.035415,787.098988,383.266573,4585.533494,2473.510747,1204.067451,1039.519304,2014.408585,1800.230975
BU111_PoaPrat_5.tiff,Full,306,228,175.176181,1.301547,39.313187,0.321949,0.239494,1.01961,259.194512,22.897226,180.410098,0.089,175.176181,0,0,57.360677,0,0,180.410098,0,0,22.897226,0,0
BU111_PoaPrat_6.tiff,Full,2414,533,360.391357,1.478948,72.254315,0.25195,0.119747,1.185436,586.688168,44.077409,322.462379,0.304,360.391357,0,0,102.507111,0,0,322.462379,0,0,44.077409,0,0
BU111_SchiScop_1.tiff,Full,453,399,307.29451,1.298429,92.802638,0.70164,0.455983,1.982168,280.398389,210.137072,705.996003,0.293,307.29451,0,0,224.639381,0,0,705.996003,0,0,210.137072,0,0
BU111_SchiScop_2 1.tiff,Full,646,797,379.750105,2.098749,89.257228,0.405866,0.305296,1.526482,416.253465,82.141024,511.205778,0.31,379.750105,0,0,162.567815,0,0,511.205778,0,0,82.141024,0,0
BU111_SchiScop_2.tiff,Full,2176,3714,1744.465187,2.129019,384.723619,0.535913,0.34912,3.257474,1480.173052,825.706814,3115.884613,0.698,1696.598062,47.867125,0,876.79909,113.602763,0,2758.134771,357.749842,0,609.872828,215.833986,0
BU111_SchiScop_3.tiff,Full,7863,7801,2647.538034,2.946511,418.940951,0.319383,0.119747,2.846357,3223.126365,591.3999,2949.315854,0.886,2632.142321,15.395714,0,901.7575,34.512571,0,2840.891414,108.42444,0,530.133877,61.266023,0
BU111_SchiScop_4.tiff,Full,3569,3910,1922.40851,2.033907,459.786659,0.564049,0.267763,3.161415,1840.955324,1239.319316,3767.269318,1.363,1796.914908,125.493602,0,909.072104,288.845977,0,2859.456521,907.812797,0,710.726978,528.592337,0
BU111_SchiScop_5.tiff,Full,1410,1768,834.564976,2.118469,127.460905,0.314007,0.189337,1.780169,1016.97788,124.819722,845.882305,0.468,834.564976,0,0,268.630747,0,0,845.882305,0,0,124.819722,0,0
BU111_SchiScop_6.tiff,Full,1718,2882,1323.956319,2.176809,294.756593,0.561448,0.305296,5.225834,1177.773772,891.68576,2509.965273,0.489,1256.986606,65.316807,1.652906,606.164193,183.54753,8.405372,1906.544368,577.01465,26.406255,428.720615,429.388177,33.576968
BU209_AmphBract_1.tiff,Full,810,1381,840.481294,1.643106,242.624005,0.572451,0.431754,3.749634,855.437775,425.823377,1594.229469,0.546,813.936849,26.544445,0,439.608607,67.570021,0,1381.951988,212.277481,0,286.870285,138.953092,0
BU209_AmphBract_2.tiff,Full,353,407,320.118027,1.271406,127.53798,0.674727,0.69824,1.862828,322.156951,151.244026,703.485469,0.569,320.118027,0,0,223.852282,0,0,703.485469,0,0,151.244026,0,0
BU209_AmphBract_3.tiff,Full,3020,4939,2487.660946,1.985399,612.545805,0.586835,0.42337,5.125401,2205.245315,1511.748145,4872.814463,1.373,2394.118979,92.649881,0.892086,1288.225512,256.594159,4.514419,4052.109584,806.522412,14.182467,897.228105,596.576259,17.943781
BU209_AmphBract_4.tiff,Full,3642,6066,2595.190289,2.337401,530.547886,0.481177,0.267763,5.555028,2677.308898,1410.315721,4272.336915,1.21,2501.383725,90.176584,3.629979,1073.582926,265.378098,19.13585,3378.509986,833.709884,60.117045,674.780353,656.244081,79.291288
BU209_AmphBract_5.tiff,Full,3530,6268,2975.494867,2.10654,685.312753,0.656752,0.378674,6.96183,2486.035327,3049.100594,6737.016461,1.279,2747.053987,212.369751,16.071129,1398.506192,650.626284,93.165297,4399.897742,2044.431306,292.687413,952.894994,1668.890641,427.314959
BU209_AmphBract_6.tiff,Full,2120,3673,1918.324541,1.914692,444.088629,0.475479,0.338696,3.676256,2078.797511,731.871332,3022.494384,1.064,1877.024208,41.300332,0,855.350852,105.884036,0,2689.849873,332.644511,0,512.324261,219.547072,0
BU301_AmphBract_1.tiff,Full,3924,6495,3521.163715,1.844561,913.382293,0.571052,0.378674,6.188158,3529.989215,2395.545843,6791.5976,4.927,3380.171496,126.676722,14.315497,1685.457207,395.850706,78.403233,5301.68491,1243.601671,246.31102,1020.679454,1036.32915,338.537239
BU301_AmphBract_2.tiff,Full,588,1120,650.108851,1.722788,162.364735,0.973964,0.616436,5.260703,364.5284,1111.435527,2168.516292,0.258,542.702906,104.942619,2.463326,371.143178,305.799938,12.547994,1167.23875,961.856857,39.420685,312.51348,748.713427,50.20862
BU301_AmphBract_3.tiff,Full,2023,3545,1822.090808,1.945567,425.596213,0.626708,0.378674,5.143554,1633.808563,1439.390413,3856.049182,0.998,1688.174119,133.084477,0.832212,853.506437,368.160954,4.230802,2686.145979,1156.611747,13.291456,577.876337,844.620511,16.893564
BU301_AmphBract_4.tiff,Full,2622,4761,1937.13821,2.457749,369.319547,0.480645,0.254022,4.946006,1894.575755,1017.323913,3166.852684,0.901,1861.241105,75.897105,0,790.190007,216.392184,0,2486.270598,680.582086,0,503.721851,513.602063,0
BU301_AmphBract_5.tiff,Full,4175,7862,3369.421615,2.333338,723.143607,0.646646,0.305296,7.256814,2860.368693,4091.678499,7677.83853,1.253,3090.981324,234.310038,44.130253,1452.670299,728.503873,259.804701,4572.277325,2289.360663,816.200541,985.317172,1893.837618,1212.523709
